id	store_code	availability	price	quantity
60732	Авторынок Барабашова К№7	in stock	145.00 UAH	7
23750	Авторынок Барабашова К№7	in stock	171.00 UAH	6
08-16	Авторынок Барабашова К№7	in stock	12.00 UAH	3
3483	Авторынок Барабашова К№7	in stock	259.00 UAH	18
5444	Авторынок Барабашова К№7	in stock	305.00 UAH	19
60-80	Авторынок Барабашова К№7	in stock	22.00 UAH	1
7306	Авторынок Барабашова К№7	in stock	2274.00 UAH	6
W122	Авторынок Барабашова К№7	in stock	310.00 UAH	69
1370555	Авторынок Барабашова К№7	in stock	309.00 UAH	1
1918994	Авторынок Барабашова К№7	in stock	510.00 UAH	3
BMT9033201906-02	Авторынок Барабашова К№7	in stock	1262.00 UAH	2
BMT9063200406-65	Авторынок Барабашова К№7	in stock	1678.00 UAH	2
BMT9063200206-02	Авторынок Барабашова К№7	in stock	1234.00 UAH	2
BMT9063200206-01	Авторынок Барабашова К№7	in stock	1864.00 UAH	1
NX45110	Авторынок Барабашова К№7	in stock	230.00 UAH	22
30847	Авторынок Барабашова К№7	in stock	2842.00 UAH	23
7225	Авторынок Барабашова К№7	in stock	88.00 UAH	22
1 987 302 222	Авторынок Барабашова К№7	in stock	161.00 UAH	40
USB GEUMXL black	Авторынок Барабашова К№7	in stock	170.00 UAH	3
SD17	Авторынок Барабашова К№7	in stock	258.00 UAH	12
SD92	Авторынок Барабашова К№7	in stock	138.00 UAH	48
SD91	Авторынок Барабашова К№7	in stock	137.00 UAH	19
SD90	Авторынок Барабашова К№7	in stock	178.00 UAH	7
SD93	Авторынок Барабашова К№7	in stock	178.00 UAH	12
SD94	Авторынок Барабашова К№7	in stock	179.00 UAH	13
211007	Авторынок Барабашова К№7	in stock	933.00 UAH	17
211022	Авторынок Барабашова К№7	in stock	776.00 UAH	2
19-170749	Авторынок Барабашова К№7	in stock	1820.00 UAH	2
D225 2898	Авторынок Барабашова К№7	in stock	1049.00 UAH	2
106 992	Авторынок Барабашова К№7	in stock	1950.00 UAH	1
106 993	Авторынок Барабашова К№7	in stock	1430.00 UAH	1
106 832	Авторынок Барабашова К№7	in stock	3115.00 UAH	4
444262	Авторынок Барабашова К№7	in stock	2354.00 UAH	9
441081	Авторынок Барабашова К№7	in stock	1866.00 UAH	34
22074R	Авторынок Барабашова К№7	in stock	1113.00 UAH	10
115 906	Авторынок Барабашова К№7	in stock	2481.00 UAH	1
335809	Авторынок Барабашова К№7	in stock	3899.00 UAH	19
20331254	Авторынок Барабашова К№7	in stock	1888.00 UAH	2
444119	Авторынок Барабашова К№7	in stock	1832.00 UAH	29
2E0 413 023 AT	Авторынок Барабашова К№7	in stock	7021.00 UAH	1
A 000 997 06 02	Авторынок Барабашова К№7	in stock	140.00 UAH	11
A 002 997 50 86	Авторынок Барабашова К№7	in stock	124.00 UAH	1
VSB-064	Авторынок Барабашова К№7	in stock	276.00 UAH	1
SD21	Авторынок Барабашова К№7	in stock	243.00 UAH	13
011.076	Авторынок Барабашова К№7	in stock	36.00 UAH	8
201107	Авторынок Барабашова К№7	in stock	145.00 UAH	84
VSB-043	Авторынок Барабашова К№7	in stock	119.00 UAH	2
P999-G12	Авторынок Барабашова К№7	in stock	461.00 UAH	806
AX-2011	Авторынок Барабашова К№7	in stock	477.00 UAH	1
AX-P999-G11B RDM10	Авторынок Барабашова К№7	in stock	1184.00 UAH	1
AX-P999-G11B RDM5	Авторынок Барабашова К№7	in stock	389.00 UAH	2
antf-018	Авторынок Барабашова К№7	in stock	569.00 UAH	1
QT561401	Авторынок Барабашова К№7	in stock	131.00 UAH	14
AX-P999-G12R RDM1	Авторынок Барабашова К№7	in stock	140.00 UAH	3
ANTIFREEZE GREEN G11 10L	Авторынок Барабашова К№7	in stock	615.00 UAH	1
ANTIFREEZE BLUE G11 10L	Авторынок Барабашова К№7	in stock	564.00 UAH	1
ANTIFREEZE RED G12 1L	Авторынок Барабашова К№7	in stock	174.00 UAH	1
G1205RRM	Авторынок Барабашова К№7	in stock	808.00 UAH	12
48021150730	Авторынок Барабашова К№7	in stock	77.00 UAH	1
92313	Авторынок Барабашова К№7	in stock	206.00 UAH	11
92317	Авторынок Барабашова К№7	in stock	206.00 UAH	12
NX07522	Авторынок Барабашова К№7	in stock	107.00 UAH	20
NX07748	Авторынок Барабашова К№7	in stock	164.00 UAH	1
79925	Авторынок Барабашова К№7	in stock	84.00 UAH	15
CRY2-B-007	Авторынок Барабашова К№7	in stock	217.00 UAH	1
92997	Авторынок Барабашова К№7	in stock	124.00 UAH	12
HP-205	Авторынок Барабашова К№7	in stock	217.00 UAH	6
HP-007	Авторынок Барабашова К№7	in stock	217.00 UAH	3
HO-022	Авторынок Барабашова К№7	in stock	54.00 UAH	1
HO-007	Авторынок Барабашова К№7	in stock	150.00 UAH	2
LR03	Авторынок Барабашова К№7	in stock	21.00 UAH	32
542 0035 10 B	Авторынок Барабашова К№7	in stock	714.00 UAH	1
30121263	Авторынок Барабашова К№7	in stock	1454.00 UAH	1
700 1761	Авторынок Барабашова К№7	in stock	1900.00 UAH	15
ET0005C1	Авторынок Барабашова К№7	in stock	629.00 UAH	21
ET0003C1	Авторынок Барабашова К№7	in stock	718.00 UAH	10
19079	Авторынок Барабашова К№7	in stock	581.00 UAH	32
15493	Авторынок Барабашова К№7	in stock	1333.00 UAH	14
940113020274	Авторынок Барабашова К№7	in stock	740.00 UAH	1
7134-0434	Авторынок Барабашова К№7	in stock	450.00 UAH	1
135389	Авторынок Барабашова К№7	in stock	701.00 UAH	7
C135116	Авторынок Барабашова К№7	in stock	941.00 UAH	1
3C0 907 441	Авторынок Барабашова К№7	in stock	9458.00 UAH	1
PLDC0106	Авторынок Барабашова К№7	in stock	143.00 UAH	1
WHT001977	Авторынок Барабашова К№7	in stock	165.00 UAH	2
N 308676 012016	Авторынок Барабашова К№7	in stock	238.00 UAH	1
N 308676 012018	Авторынок Барабашова К№7	in stock	168.00 UAH	1
N 000960 014263	Авторынок Барабашова К№7	in stock	374.00 UAH	6
N 000000 005540	Авторынок Барабашова К№7	in stock	267.00 UAH	6
A 001 984 64 29	Авторынок Барабашова К№7	in stock	153.00 UAH	5
A 000 984 52 29	Авторынок Барабашова К№7	in stock	149.00 UAH	1
N 910105 008057	Авторынок Барабашова К№7	in stock	189.00 UAH	4
N 308765 012005	Авторынок Барабашова К№7	in stock	264.00 UAH	1
WHT000604	Авторынок Барабашова К№7	in stock	160.00 UAH	2
N308676016007	Авторынок Барабашова К№7	in stock	161.00 UAH	4
N 304017 005008	Авторынок Барабашова К№7	in stock	147.00 UAH	18
N 304014 008004	Авторынок Барабашова К№7	in stock	128.00 UAH	4
N 304014 008006	Авторынок Барабашова К№7	in stock	156.00 UAH	2
A 366 031 01 71	Авторынок Барабашова К№7	in stock	197.00 UAH	1
7D0 883 299 A	Авторынок Барабашова К№7	in stock	223.00 UAH	4
109 098	Авторынок Барабашова К№7	in stock	174.00 UAH	3
15777	Авторынок Барабашова К№7	in stock	361.00 UAH	12
BG2020	Авторынок Барабашова К№7	in stock	294.00 UAH	26
340 7038	Авторынок Барабашова К№7	in stock	171.00 UAH	21
100 4011	Авторынок Барабашова К№7	in stock	182.00 UAH	21
2D0 801 657 C	Авторынок Барабашова К№7	in stock	253.00 UAH	14
100 4002	Авторынок Барабашова К№7	in stock	149.00 UAH	30
02.33.016	Авторынок Барабашова К№7	in stock	190.00 UAH	1
09806	Авторынок Барабашова К№7	in stock	256.00 UAH	93
WHT002529	Авторынок Барабашова К№7	in stock	448.00 UAH	27
21588	Авторынок Барабашова К№7	in stock	209.00 UAH	168
GZ-A1351	Авторынок Барабашова К№7	in stock	188.00 UAH	11
511 0402	Авторынок Барабашова К№7	in stock	598.00 UAH	11
A 601 011 03 71	Авторынок Барабашова К№7	in stock	340.00 UAH	8
A 670 990 03 04	Авторынок Барабашова К№7	in stock	448.00 UAH	22
100 3376	Авторынок Барабашова К№7	in stock	382.00 UAH	27
700 3334	Авторынок Барабашова К№7	in stock	420.00 UAH	28
110 3333	Авторынок Барабашова К№7	in stock	488.00 UAH	21
23750	Авторынок Барабашова К№7	in stock	181.00 UAH	50
17111712788L	Авторынок Барабашова К№7	in stock	200.00 UAH	5
WHT009475	Авторынок Барабашова К№7	in stock	369.00 UAH	30
111.590	Авторынок Барабашова К№7	in stock	567.00 UAH	36
MB5	Авторынок Барабашова К№7	in stock	98.00 UAH	13
VW5	Авторынок Барабашова К№7	in stock	77.00 UAH	11
PE1	Авторынок Барабашова К№7	in stock	144.00 UAH	1
100 8846	Авторынок Барабашова К№7	in stock	568.00 UAH	22
01032	Авторынок Барабашова К№7	in stock	1928.00 UAH	5
119047	Авторынок Барабашова К№7	in stock	581.00 UAH	19
506 0734	Авторынок Барабашова К№7	in stock	886.00 UAH	13
23BM0322	Авторынок Барабашова К№7	in stock	1967.00 UAH	27
23BM0323	Авторынок Барабашова К№7	in stock	1936.00 UAH	12
23BM0320B	Авторынок Барабашова К№7	in stock	2749.00 UAH	1
23BM0321B	Авторынок Барабашова К№7	in stock	2975.00 UAH	6
56859	Авторынок Барабашова К№7	in stock	646.00 UAH	2
EWBNS001	Авторынок Барабашова К№7	in stock	510.00 UAH	1
090302BS	Авторынок Барабашова К№7	in stock	400.00 UAH	1
KL038131501E	Авторынок Барабашова К№7	in stock	600.00 UAH	3
55574902	Авторынок Барабашова К№7	in stock	1200.00 UAH	2
03G115281F	Авторынок Барабашова К№7	in stock	802.00 UAH	26
10 03 0002	Авторынок Барабашова К№7	in stock	619.00 UAH	1
255	Авторынок Барабашова К№7	in stock	340.00 UAH	1
SPC-FN201323	Авторынок Барабашова К№7	in stock	3474.00 UAH	1
508 0063	Авторынок Барабашова К№7	in stock	3142.00 UAH	3
5877773	Авторынок Барабашова К№7	in stock	2654.00 UAH	1
54590	Авторынок Барабашова К№7	in stock	2559.00 UAH	25
SPC-KK0147	Авторынок Барабашова К№7	in stock	510.00 UAH	22
500 0422 20	Авторынок Барабашова К№7	in stock	3055.00 UAH	1
ARM-PH0-100	Авторынок Барабашова К№7	in stock	51.00 UAH	1
53127	Авторынок Барабашова К№7	in stock	270.00 UAH	34
7.1152	Авторынок Барабашова К№7	in stock	358.00 UAH	7
32923538	Авторынок Барабашова К№7	in stock	6008.00 UAH	1
RJ5112	Авторынок Барабашова К№7	in stock	1317.00 UAH	3
94227	Авторынок Барабашова К№7	in stock	1950.00 UAH	2
87 581 610	Авторынок Барабашова К№7	in stock	1146.00 UAH	13
87 435 610	Авторынок Барабашова К№7	in stock	1064.00 UAH	6
029PS10248000	Авторынок Барабашова К№7	in stock	741.00 UAH	1
A 000 545 50 11	Авторынок Барабашова К№7	in stock	749.00 UAH	1
502002	Авторынок Барабашова К№7	in stock	183.00 UAH	43
093772	Авторынок Барабашова К№7	in stock	133.00 UAH	1
703 877 603	Авторынок Барабашова К№7	in stock	949.00 UAH	1
BP-20	Авторынок Барабашова К№7	in stock	155.00 UAH	64
213719610019	Авторынок Барабашова К№7	in stock	3134.00 UAH	2
LM1023	Авторынок Барабашова К№7	in stock	1222.00 UAH	1
7P6 867 440 72A	Авторынок Барабашова К№7	in stock	1171.00 UAH	1
700 5103	Авторынок Барабашова К№7	in stock	782.00 UAH	1
700 5120	Авторынок Барабашова К№7	in stock	1156.00 UAH	5
700 5108	Авторынок Барабашова К№7	in stock	779.00 UAH	15
90-465-003	Авторынок Барабашова К№7	in stock	148.00 UAH	3
A 631 267 05 50	Авторынок Барабашова К№7	in stock	182.00 UAH	2
A 000 553 06 21	Авторынок Барабашова К№7	in stock	227.00 UAH	1
A 123 265 02 50	Авторынок Барабашова К№7	in stock	182.00 UAH	1
A 124 267 00 50	Авторынок Барабашова К№7	in stock	222.00 UAH	1
31495	Авторынок Барабашова К№7	in stock	218.00 UAH	1
BC1341	Авторынок Барабашова К№7	in stock	138.00 UAH	9
A 000 323 43 85	Авторынок Барабашова К№7	in stock	179.00 UAH	16
A 000 323 78 85	Авторынок Барабашова К№7	in stock	367.00 UAH	3
201075	Авторынок Барабашова К№7	in stock	145.00 UAH	33
4.80060	Авторынок Барабашова К№7	in stock	141.00 UAH	3
A 000 323 39 50	Авторынок Барабашова К№7	in stock	199.00 UAH	3
100 2649	Авторынок Барабашова К№7	in stock	81.00 UAH	21
96285014	Авторынок Барабашова К№7	in stock	128.00 UAH	7
100 5431	Авторынок Барабашова К№7	in stock	82.00 UAH	5
01-2101	Авторынок Барабашова К№7	in stock	153.00 UAH	39
01-2099	Авторынок Барабашова К№7	in stock	154.00 UAH	55
40836	Авторынок Барабашова К№7	in stock	50.00 UAH	34
61258	Авторынок Барабашова К№7	in stock	130.00 UAH	62
07C 103 226 B	Авторынок Барабашова К№7	in stock	244.00 UAH	25
RWS1853	Авторынок Барабашова К№7	in stock	378.00 UAH	15
701 711 066	Авторынок Барабашова К№7	in stock	484.00 UAH	5
701 711 166	Авторынок Барабашова К№7	in stock	345.00 UAH	28
1434444	Авторынок Барабашова К№7	in stock	80.00 UAH	1
F 032 139 929	Авторынок Барабашова К№7	in stock	139.00 UAH	1
2D0 609 206	Авторынок Барабашова К№7	in stock	298.00 UAH	3
RWS3562	Авторынок Барабашова К№7	in stock	157.00 UAH	49
A 667 322 06 50	Авторынок Барабашова К№7	in stock	531.00 UAH	10
02456	Авторынок Барабашова К№7	in stock	250.00 UAH	1
STR-1203107	Авторынок Барабашова К№7	in stock	161.00 UAH	2
034 032 0016	Авторынок Барабашова К№7	in stock	146.00 UAH	4
BC1317	Авторынок Барабашова К№7	in stock	130.00 UAH	11
201163	Авторынок Барабашова К№7	in stock	165.00 UAH	13
201145	Авторынок Барабашова К№7	in stock	200.00 UAH	8
BC1362	Авторынок Барабашова К№7	in stock	168.00 UAH	2
A 970 323 14 85	Авторынок Барабашова К№7	in stock	521.00 UAH	5
26226	Авторынок Барабашова К№7	in stock	246.00 UAH	10
201221	Авторынок Барабашова К№7	in stock	164.00 UAH	25
201016	Авторынок Барабашова К№7	in stock	142.00 UAH	2
201022	Авторынок Барабашова К№7	in stock	140.00 UAH	7
201127	Авторынок Барабашова К№7	in stock	173.00 UAH	30
201040	Авторынок Барабашова К№7	in stock	170.00 UAH	55
819 0156 10	Авторынок Барабашова К№7	in stock	182.00 UAH	70
201133	Авторынок Барабашова К№7	in stock	182.00 UAH	32
07199	Авторынок Барабашова К№7	in stock	187.00 UAH	26
10 61 0052	Авторынок Барабашова К№7	in stock	172.00 UAH	1
011.025	Авторынок Барабашова К№7	in stock	158.00 UAH	2
DK.9013230185	Авторынок Барабашова К№7	in stock	34.00 UAH	12
FZ90512	Авторынок Барабашова К№7	in stock	122.00 UAH	2
A 906 326 23 81	Авторынок Барабашова К№7	in stock	688.00 UAH	12
A 906 326 22 81	Авторынок Барабашова К№7	in stock	465.00 UAH	9
38536	Авторынок Барабашова К№7	in stock	257.00 UAH	53
BC1365	Авторынок Барабашова К№7	in stock	232.00 UAH	4
BC1369	Авторынок Барабашова К№7	in stock	196.00 UAH	6
J4273001	Авторынок Барабашова К№7	in stock	194.00 UAH	2
38BM0306	Авторынок Барабашова К№7	in stock	477.00 UAH	21
SBS-4044	Авторынок Барабашова К№7	in stock	186.00 UAH	5
BG1329	Авторынок Барабашова К№7	in stock	262.00 UAH	6
1146150009	Авторынок Барабашова К№7	in stock	329.00 UAH	43
2306219	Авторынок Барабашова К№7	in stock	139.00 UAH	4
100 3125	Авторынок Барабашова К№7	in stock	178.00 UAH	22
83 777 026	Авторынок Барабашова К№7	in stock	128.00 UAH	6
C140025	Авторынок Барабашова К№7	in stock	27.00 UAH	1
B140208	Авторынок Барабашова К№7	in stock	21.00 UAH	5
B140249	Авторынок Барабашова К№7	in stock	18.00 UAH	1
119027	Авторынок Барабашова К№7	in stock	482.00 UAH	13
001BS18802 SEMI	Авторынок Барабашова К№7	in stock	460.00 UAH	1
2 339 305 337	Авторынок Барабашова К№7	in stock	1382.00 UAH	1
55011623301	Авторынок Барабашова К№7	in stock	171.00 UAH	18
201370	Авторынок Барабашова К№7	in stock	216.00 UAH	36
A 601 325 02 44	Авторынок Барабашова К№7	in stock	805.00 UAH	1
PK006	Авторынок Барабашова К№7	in stock	791.00 UAH	17
WHT002141	Авторынок Барабашова К№7	in stock	811.00 UAH	12
A 601 326 02 40	Авторынок Барабашова К№7	in stock	306.00 UAH	3
3291	Авторынок Барабашова К№7	in stock	139.00 UAH	1
A 000 544 72 11	Авторынок Барабашова К№7	in stock	806.00 UAH	1
STA3213YH	Авторынок Барабашова К№7	in stock	643.00 UAH	2
2574YH	Авторынок Барабашова К№7	in stock	1034.00 UAH	9
N 90941301	Авторынок Барабашова К№7	in stock	180.00 UAH	8
N91021601	Авторынок Барабашова К№7	in stock	201.00 UAH	24
23696	Авторынок Барабашова К№7	in stock	181.00 UAH	28
WHT 000 889	Авторынок Барабашова К№7	in stock	227.00 UAH	108
03966	Авторынок Барабашова К№7	in stock	139.00 UAH	27
N308673 014002	Авторынок Барабашова К№7	in stock	131.00 UAH	5
3248	Авторынок Барабашова К№7	in stock	130.00 UAH	6
44869	Авторынок Барабашова К№7	in stock	166.00 UAH	135
90942-01033	Авторынок Барабашова К№7	in stock	200.00 UAH	41
07176	Авторынок Барабашова К№7	in stock	211.00 UAH	111
90942-01058	Авторынок Барабашова К№7	in stock	265.00 UAH	21
EHN00002S	Авторынок Барабашова К№7	in stock	147.00 UAH	1
N10209007	Авторынок Барабашова К№7	in stock	155.00 UAH	26
A 000 990 57 50	Авторынок Барабашова К№7	in stock	227.00 UAH	6
08730	Авторынок Барабашова К№7	in stock	213.00 UAH	20
N 90977101	Авторынок Барабашова К№7	in stock	201.00 UAH	7
N 074361 014205	Авторынок Барабашова К№7	in stock	259.00 UAH	18
03556	Авторынок Барабашова К№7	in stock	129.00 UAH	128
1 987 479 107	Авторынок Барабашова К№7	in stock	433.00 UAH	111
L04005	Авторынок Барабашова К№7	in stock	253.00 UAH	36
FBX100B	Авторынок Барабашова К№7	in stock	433.00 UAH	31
L04010	Авторынок Барабашова К№7	in stock	395.00 UAH	38
BDC5588	Авторынок Барабашова К№7	in stock	781.00 UAH	2
24.0118-0111.1	Авторынок Барабашова К№7	in stock	1300.00 UAH	1
520832	Авторынок Барабашова К№7	in stock	2303.00 UAH	11
MER LRG626	Авторынок Барабашова К№7	in stock	24464.00 UAH	1
2133161	Авторынок Барабашова К№7	in stock	3635.00 UAH	1
04-0984	Авторынок Барабашова К№7	in stock	399.00 UAH	54
1161701700	Авторынок Барабашова К№7	in stock	214.00 UAH	2
SL 5369	Авторынок Барабашова К№7	in stock	233.00 UAH	6
5206-02-0239P	Авторынок Барабашова К№7	in stock	1226.00 UAH	1
21911 00 701 10	Авторынок Барабашова К№7	in stock	723.00 UAH	1
0 986 494 146	Авторынок Барабашова К№7	in stock	1301.00 UAH	1
SP1425	Авторынок Барабашова К№7	in stock	1147.00 UAH	1
GDB1380	Авторынок Барабашова К№7	in stock	1328.00 UAH	5
05P439	Авторынок Барабашова К№7	in stock	713.00 UAH	12
20124 00 701 00	Авторынок Барабашова К№7	in stock	717.00 UAH	2
WOKP2833.00	Авторынок Барабашова К№7	in stock	654.00 UAH	1
10005	Авторынок Барабашова К№7	in stock	632.00 UAH	1
CA1928IR	Авторынок Барабашова К№7	in stock	4800.00 UAH	1
SD22	Авторынок Барабашова К№7	in stock	227.00 UAH	8
VSB-013	Авторынок Барабашова К№7	in stock	213.00 UAH	11
VSB-007	Авторынок Барабашова К№7	in stock	208.00 UAH	11
VSB-009	Авторынок Барабашова К№7	in stock	135.00 UAH	2
11781	Авторынок Барабашова К№7	in stock	480.00 UAH	15
420 0061 10	Авторынок Барабашова К№7	in stock	368.00 UAH	99
K00W134AKN	Авторынок Барабашова К№7	in stock	673.00 UAH	2
A 611 016 19 01	Авторынок Барабашова К№7	in stock	15418.00 UAH	1
1161102500	Авторынок Барабашова К№7	in stock	1444.00 UAH	1
1479	Авторынок Барабашова К№7	in stock	2613.00 UAH	1
LM80371	Авторынок Барабашова К№7	in stock	3105.00 UAH	1
1K1 614 019 M	Авторынок Барабашова К№7	in stock	765.00 UAH	1
68333	Авторынок Барабашова К№7	in stock	874.00 UAH	1
1J0 955 751 D	Авторынок Барабашова К№7	in stock	1872.00 UAH	23
N 912004 008102	Авторынок Барабашова К№7	in stock	117.00 UAH	22
N 912004 010102	Авторынок Барабашова К№7	in stock	121.00 UAH	12
01243	Авторынок Барабашова К№7	in stock	119.00 UAH	97
100 4226	Авторынок Барабашова К№7	in stock	264.00 UAH	21
GZ-B1023	Авторынок Барабашова К№7	in stock	265.00 UAH	3
7L0 411 313 H	Авторынок Барабашова К№7	in stock	698.00 UAH	40
255-036	Авторынок Барабашова К№7	in stock	207.00 UAH	1
0219-14-0072P	Авторынок Барабашова К№7	in stock	141.00 UAH	1
143-911	Авторынок Барабашова К№7	in stock	177.00 UAH	87
51026	Авторынок Барабашова К№7	in stock	679.00 UAH	13
53508	Авторынок Барабашова К№7	in stock	612.00 UAH	1
WHT 003 859	Авторынок Барабашова К№7	in stock	500.00 UAH	5
441 032 920 0	Авторынок Барабашова К№7	in stock	2056.00 UAH	1
0 265 006 215	Авторынок Барабашова К№7	in stock	2115.00 UAH	3
1197102880	Авторынок Барабашова К№7	in stock	1122.00 UAH	1
WHT 003 863	Авторынок Барабашова К№7	in stock	300.00 UAH	9
A 906 540 11 17	Авторынок Барабашова К№7	in stock	4133.00 UAH	1
4B0 927 807	Авторынок Барабашова К№7	in stock	4326.00 UAH	1
SS20210	Авторынок Барабашова К№7	in stock	1162.00 UAH	28
330440	Авторынок Барабашова К№7	in stock	236.00 UAH	3
497610324R	Авторынок Барабашова К№7	in stock	800.00 UAH	31
06E 919 081 C	Авторынок Барабашова К№7	in stock	900.00 UAH	2
OS3531	Авторынок Барабашова К№7	in stock	223.00 UAH	3
08675	Авторынок Барабашова К№7	in stock	253.00 UAH	3
8200177718	Авторынок Барабашова К№7	in stock	900.00 UAH	17
96990 0213 SET	Авторынок Барабашова К№7	in stock	176.00 UAH	2
96990 0213 01	Авторынок Барабашова К№7	in stock	146.00 UAH	1
780700301	Авторынок Барабашова К№7	in stock	144.00 UAH	42
100 5401	Авторынок Барабашова К№7	in stock	142.00 UAH	32
280211	Авторынок Барабашова К№7	in stock	358.00 UAH	1
05110	Авторынок Барабашова К№7	in stock	228.00 UAH	3
39565	Авторынок Барабашова К№7	in stock	153.00 UAH	6
WS0168B	Авторынок Барабашова К№7	in stock	138.00 UAH	3
110 5403	Авторынок Барабашова К№7	in stock	947.00 UAH	3
EPDCHD000	Авторынок Барабашова К№7	in stock	800.00 UAH	3
95942458	Авторынок Барабашова К№7	in stock	800.00 UAH	6
9663821577	Авторынок Барабашова К№7	in stock	850.00 UAH	6
13394368	Авторынок Барабашова К№7	in stock	940.00 UAH	1
EPDCME004	Авторынок Барабашова К№7	in stock	500.00 UAH	4
A2125420018	Авторынок Барабашова К№7	in stock	1200.00 UAH	38
24773	Авторынок Барабашова К№7	in stock	411.00 UAH	4
99450051901	Авторынок Барабашова К№7	in stock	132.00 UAH	13
1198000100	Авторынок Барабашова К№7	in stock	798.00 UAH	1
755216	Авторынок Барабашова К№7	in stock	1723.00 UAH	13
99411811901	Авторынок Барабашова К№7	in stock	1451.00 UAH	1
24053	Авторынок Барабашова К№7	in stock	594.00 UAH	41
0901063	Авторынок Барабашова К№7	in stock	800.00 UAH	4
7.3131	Авторынок Барабашова К№7	in stock	365.00 UAH	3
99902916	Авторынок Барабашова К№7	in stock	252.00 UAH	1
WS2552	Авторынок Барабашова К№7	in stock	358.00 UAH	12
1193101400	Авторынок Барабашова К№7	in stock	215.00 UAH	11
1 830 316	Авторынок Барабашова К№7	in stock	822.00 UAH	3
TS2959	Авторынок Барабашова К№7	in stock	441.00 UAH	19
VEWS2563	Авторынок Барабашова К№7	in stock	424.00 UAH	1
52933-3N100	Авторынок Барабашова К№7	in stock	1100.00 UAH	5
36106855539	Авторынок Барабашова К№7	in stock	1500.00 UAH	4
EV6T-1A180-DC	Авторынок Барабашова К№7	in stock	1000.00 UAH	2
40700-4CB0B	Авторынок Барабашова К№7	in stock	1200.00 UAH	3
42607-33021	Авторынок Барабашова К№7	in stock	1250.00 UAH	4
42607-06020	Авторынок Барабашова К№7	in stock	1500.00 UAH	23
42607-30060	Авторынок Барабашова К№7	in stock	1300.00 UAH	33
42607-06030	Авторынок Барабашова К№7	in stock	1500.00 UAH	22
42607-02031	Авторынок Барабашова К№7	in stock	1300.00 UAH	1
42607-60010	Авторынок Барабашова К№7	in stock	1500.00 UAH	26
7PP 907 275 G	Авторынок Барабашова К№7	in stock	1450.00 UAH	4
F2GT-1A180-CB	Авторынок Барабашова К№7	in stock	950.00 UAH	5
52933-3X305	Авторынок Барабашова К№7	in stock	1300.00 UAH	1
8200741321	Авторынок Барабашова К№7	in stock	2500.00 UAH	1
A 651 905 02 00	Авторынок Барабашова К№7	in stock	2200.00 UAH	2
10.3292	Авторынок Барабашова К№7	in stock	1216.00 UAH	3
ECW-RE-000	Авторынок Барабашова К№7	in stock	350.00 UAH	11
12883	Авторынок Барабашова К№7	in stock	238.00 UAH	1
9209	Авторынок Барабашова К№7	in stock	9025.00 UAH	1
9307Z511A	Авторынок Барабашова К№7	in stock	1600.00 UAH	2
28389848-12B1	Авторынок Барабашова К№7	in stock	3588.00 UAH	9
9307Z517A	Авторынок Барабашова К№7	in stock	2100.00 UAH	2
WS0208A	Авторынок Барабашова К№7	in stock	153.00 UAH	1
100 1451	Авторынок Барабашова К№7	in stock	777.00 UAH	24
84038	Авторынок Барабашова К№7	in stock	1000.00 UAH	5
07190	Авторынок Барабашова К№7	in stock	123.00 UAH	40
A 000 810 16 79	Авторынок Барабашова К№7	in stock	2953.00 UAH	3
17826	Авторынок Барабашова К№7	in stock	1250.00 UAH	1
015 521 2034	Авторынок Барабашова К№7	in stock	1818.00 UAH	27
BDC5750	Авторынок Барабашова К№7	in stock	1052.00 UAH	2
215099	Авторынок Барабашова К№7	in stock	2210.00 UAH	2
208014	Авторынок Барабашова К№7	in stock	1288.00 UAH	24
7P0 965 561 C	Авторынок Барабашова К№7	in stock	4800.00 UAH	1
DK38-0400	Авторынок Барабашова К№7	in stock	475.00 UAH	1
96985666	Авторынок Барабашова К№7	in stock	1700.00 UAH	2
ENT830020	Авторынок Барабашова К№7	in stock	1277.00 UAH	12
100 7219	Авторынок Барабашова К№7	in stock	2132.00 UAH	5
206510005R	Авторынок Барабашова К№7	in stock	1043.00 UAH	3
251-158	Авторынок Барабашова К№7	in stock	182.00 UAH	2
255-795	Авторынок Барабашова К№7	in stock	138.00 UAH	1
RWS1338	Авторынок Барабашова К№7	in stock	383.00 UAH	29
AXXIS-G-2012(110)	Авторынок Барабашова К№7	in stock	172.00 UAH	9
ANTIFREEZE PREMIUM G11 -42 BLUE, 1кг	Авторынок Барабашова К№7	in stock	160.00 UAH	1
02.090.7820.040	Авторынок Барабашова К№7	in stock	120.00 UAH	4
RD 01.02.74	Авторынок Барабашова К№7	in stock	125.00 UAH	4
02.090.7820.030	Авторынок Барабашова К№7	in stock	120.00 UAH	6
ENT120097_1	Авторынок Барабашова К№7	in stock	247.00 UAH	5
ENT250126_1	Авторынок Барабашова К№7	in stock	170.00 UAH	16
RD 81.24.32	Авторынок Барабашова К№7	in stock	150.00 UAH	2
ENT250101_1	Авторынок Барабашова К№7	in stock	200.00 UAH	3
ENT120092_1	Авторынок Барабашова К№7	in stock	150.00 UAH	2
ENT120019_1	Авторынок Барабашова К№7	in stock	230.00 UAH	1
ENT250117_1	Авторынок Барабашова К№7	in stock	214.00 UAH	3
ENT250124_1	Авторынок Барабашова К№7	in stock	228.00 UAH	9
ENT250118_1	Авторынок Барабашова К№7	in stock	218.00 UAH	4
ENT250127	Авторынок Барабашова К№7	in stock	786.00 UAH	1
ENT120086_1	Авторынок Барабашова К№7	in stock	183.00 UAH	4
RD 57.37.18	Авторынок Барабашова К№7	in stock	145.00 UAH	5
ENT120042_1	Авторынок Барабашова К№7	in stock	137.00 UAH	3
ENT250111_1	Авторынок Барабашова К№7	in stock	147.00 UAH	4
RD 57.37.13	Авторынок Барабашова К№7	in stock	201.00 UAH	2
RD 57.37.19	Авторынок Барабашова К№7	in stock	137.00 UAH	2
RD 87.37.15	Авторынок Барабашова К№7	in stock	129.00 UAH	3
ENT250119_1	Авторынок Барабашова К№7	in stock	209.00 UAH	5
RD 57.37.20	Авторынок Барабашова К№7	in stock	138.00 UAH	3
A 000 912 04 10 8F30	Авторынок Барабашова К№7	in stock	170.00 UAH	1
84022	Авторынок Барабашова К№7	in stock	123.00 UAH	8
380 7125	Авторынок Барабашова К№7	in stock	252.00 UAH	13
84038	Авторынок Барабашова К№7	in stock	142.00 UAH	1
07284	Авторынок Барабашова К№7	in stock	131.00 UAH	24
051 6278 919	Авторынок Барабашова К№7	in stock	175.00 UAH	1
A9019870045	Авторынок Барабашова К№7	in stock	192.00 UAH	10
703 5173	Авторынок Барабашова К№7	in stock	613.00 UAH	22
89550864902	Авторынок Барабашова К№7	in stock	116.00 UAH	2
707 5145	Авторынок Барабашова К№7	in stock	690.00 UAH	14
RWS1969	Авторынок Барабашова К№7	in stock	143.00 UAH	31
068 911 211 D	Авторынок Барабашова К№7	in stock	597.00 UAH	1
100 8230	Авторынок Барабашова К№7	in stock	1571.00 UAH	16
1J0 145 769 D	Авторынок Барабашова К№7	in stock	184.00 UAH	33
N  90726401	Авторынок Барабашова К№7	in stock	155.00 UAH	2
N007340004121	Авторынок Барабашова К№7	in stock	133.00 UAH	1
1004-12	Авторынок Барабашова К№7	in stock	112.00 UAH	40
1110-16	Авторынок Барабашова К№7	in stock	11.00 UAH	170
1008-15	Авторынок Барабашова К№7	in stock	112.00 UAH	42
96000 0044 0 1 T851	Авторынок Барабашова К№7	in stock	113.00 UAH	118
88371799501	Авторынок Барабашова К№7	in stock	1150.00 UAH	12
505 1520	Авторынок Барабашова К№7	in stock	1610.00 UAH	11
RW73002	Авторынок Барабашова К№7	in stock	764.00 UAH	1
100 7207	Авторынок Барабашова К№7	in stock	859.00 UAH	17
A 601 750 03 84	Авторынок Барабашова К№7	in stock	738.00 UAH	2
A 000 720 28 35	Авторынок Барабашова К№7	in stock	1346.00 UAH	2
A 124 991 01 55	Авторынок Барабашова К№7	in stock	167.00 UAH	2
1 987 529 040	Авторынок Барабашова К№7	in stock	141.00 UAH	6
1 987 529 039	Авторынок Барабашова К№7	in stock	143.00 UAH	13
SL5010	Авторынок Барабашова К№7	in stock	5.00 UAH	102
SL5015	Авторынок Барабашова К№7	in stock	5.00 UAH	72
SL5020	Авторынок Барабашова К№7	in stock	5.00 UAH	106
SL5025	Авторынок Барабашова К№7	in stock	5.00 UAH	146
SL5030	Авторынок Барабашова К№7	in stock	5.00 UAH	129
SL5035	Авторынок Барабашова К№7	in stock	5.00 UAH	118
SL5005	Авторынок Барабашова К№7	in stock	5.00 UAH	165
SL5130	Авторынок Барабашова К№7	in stock	5.00 UAH	25
SL5007	Авторынок Барабашова К№7	in stock	5.00 UAH	182
SL5110	Авторынок Барабашова К№7	in stock	5.00 UAH	116
SL5115	Авторынок Барабашова К№7	in stock	5.00 UAH	163
SL5120	Авторынок Барабашова К№7	in stock	5.00 UAH	123
SL5125	Авторынок Барабашова К№7	in stock	5.00 UAH	105
SL5135	Авторынок Барабашова К№7	in stock	5.00 UAH	65
SL5105	Авторынок Барабашова К№7	in stock	5.00 UAH	153
SL5107	Авторынок Барабашова К№7	in stock	5.00 UAH	151
A 000 131 19 21	Авторынок Барабашова К№7	in stock	234.00 UAH	1
SD36	Авторынок Барабашова К№7	in stock	246.00 UAH	44
A 636 660 00 09	Авторынок Барабашова К№7	in stock	200.00 UAH	6
A 000 545 41 45	Авторынок Барабашова К№7	in stock	411.00 UAH	1
6508-03-9558378K	Авторынок Барабашова К№7	in stock	606.00 UAH	3
223011	Авторынок Барабашова К№7	in stock	679.00 UAH	27
361 5020	Авторынок Барабашова К№7	in stock	567.00 UAH	27
85321-26020	Авторынок Барабашова К№7	in stock	171.00 UAH	19
21135-23010	Авторынок Барабашова К№7	in stock	600.00 UAH	1
713 5139	Авторынок Барабашова К№7	in stock	2549.00 UAH	7
100 8110	Авторынок Барабашова К№7	in stock	780.00 UAH	1
1 457 429 964	Авторынок Барабашова К№7	in stock	409.00 UAH	11
0064931	Авторынок Барабашова К№7	in stock	32.00 UAH	1
SPC-DM04	Авторынок Барабашова К№7	in stock	703.00 UAH	11
221006	Авторынок Барабашова К№7	in stock	927.00 UAH	1
D180003	Авторынок Барабашова К№7	in stock	333.00 UAH	2
A 116 276 13 29	Авторынок Барабашова К№7	in stock	231.00 UAH	1
1 418 522 055	Авторынок Барабашова К№7	in stock	306.00 UAH	6
KL18674241	Авторынок Барабашова К№7	in stock	1000.00 UAH	1
V017079	Авторынок Барабашова К№7	in stock	258.00 UAH	4
6174/RNT	Авторынок Барабашова К№7	in stock	315.00 UAH	1
A 601 050 25 27	Авторынок Барабашова К№7	in stock	627.00 UAH	1
6173/SNT	Авторынок Барабашова К№7	in stock	305.00 UAH	1
1323V3	Авторынок Барабашова К№7	in stock	200.00 UAH	9
55574240	Авторынок Барабашова К№7	in stock	800.00 UAH	1
55567050	Авторынок Барабашова К№7	in stock	1600.00 UAH	3
12655420	Авторынок Барабашова К№7	in stock	1800.00 UAH	1
12655421	Авторынок Барабашова К№7	in stock	1800.00 UAH	1
7.01152.02.0	Авторынок Барабашова К№7	in stock	2748.00 UAH	22
06586	Авторынок Барабашова К№7	in stock	270.00 UAH	11
11451548101	Авторынок Барабашова К№7	in stock	493.00 UAH	1
57309	Авторынок Барабашова К№7	in stock	1300.00 UAH	14
38770	Авторынок Барабашова К№7	in stock	1351.00 UAH	4
ENT830021	Авторынок Барабашова К№7	in stock	1277.00 UAH	3
GZ-A1385	Авторынок Барабашова К№7	in stock	236.00 UAH	10
SD101	Авторынок Барабашова К№7	in stock	158.00 UAH	28
SD102	Авторынок Барабашова К№7	in stock	172.00 UAH	9
02.13.052	Авторынок Барабашова К№7	in stock	126.00 UAH	1
DK-TL112	Авторынок Барабашова К№7	in stock	226.00 UAH	2
11652	Авторынок Барабашова К№7	in stock	312.00 UAH	2
6678518	Авторынок Барабашова К№7	in stock	10.00 UAH	2
KE-242	Авторынок Барабашова К№7	in stock	42.00 UAH	30
100 9807	Авторынок Барабашова К№7	in stock	123.00 UAH	24
A 000 727 04 46	Авторынок Барабашова К№7	in stock	167.00 UAH	1
100 0710	Авторынок Барабашова К№7	in stock	129.00 UAH	15
PULLEY WRENCH M10	Авторынок Барабашова К№7	in stock	350.00 UAH	4
KK12ST	Авторынок Барабашова К№7	in stock	66.00 UAH	2
KK13ST	Авторынок Барабашова К№7	in stock	41.00 UAH	1
KK14ST	Авторынок Барабашова К№7	in stock	81.00 UAH	2
KK15ST	Авторынок Барабашова К№7	in stock	91.00 UAH	2
KK17ST	Авторынок Барабашова К№7	in stock	78.00 UAH	2
KK08ST	Авторынок Барабашова К№7	in stock	30.00 UAH	1
KJ-826	Авторынок Барабашова К№7	in stock	20.00 UAH	34
KJ085	Авторынок Барабашова К№7	in stock	15.00 UAH	69
2E0 945 230	Авторынок Барабашова К№7	in stock	100.00 UAH	14
13-40018.5	Авторынок Барабашова К№7	in stock	253.00 UAH	8
30921	Авторынок Барабашова К№7	in stock	159.00 UAH	52
7L6 868 243	Авторынок Барабашова К№7	in stock	153.00 UAH	71
A 901 988 00 25	Авторынок Барабашова К№7	in stock	154.00 UAH	29
505 0525	Авторынок Барабашова К№7	in stock	19.00 UAH	21
100 0711	Авторынок Барабашова К№7	in stock	121.00 UAH	15
A 005 545 03 07	Авторынок Барабашова К№7	in stock	1060.00 UAH	1
93856337	Авторынок Барабашова К№7	in stock	300.00 UAH	1
A 204 905 83 02 9107	Авторынок Барабашова К№7	in stock	1200.00 UAH	1
401037	Авторынок Барабашова К№7	in stock	600.00 UAH	1
EWSVW041	Авторынок Барабашова К№7	in stock	300.00 UAH	5
0916307	Авторынок Барабашова К№7	in stock	300.00 UAH	8
RWS3671	Авторынок Барабашова К№7	in stock	151.00 UAH	1
401027	Авторынок Барабашова К№7	in stock	249.00 UAH	21
56420	Авторынок Барабашова К№7	in stock	250.00 UAH	36
RWS3673	Авторынок Барабашова К№7	in stock	146.00 UAH	7
FT82218	Авторынок Барабашова К№7	in stock	570.00 UAH	7
99591048001	Авторынок Барабашова К№7	in stock	600.00 UAH	6
99590043101	Авторынок Барабашова К№7	in stock	238.00 UAH	20
RWS1148	Авторынок Барабашова К№7	in stock	355.00 UAH	21
FT61871	Авторынок Барабашова К№7	in stock	1086.00 UAH	3
RD.330098PRF	Авторынок Барабашова К№7	in stock	657.00 UAH	6
91057900 40.0	Авторынок Барабашова К№7	in stock	408.00 UAH	3
08440	Авторынок Барабашова К№7	in stock	1543.00 UAH	15
AST593	Авторынок Барабашова К№7	in stock	754.00 UAH	1
BP1698	Авторынок Барабашова К№7	in stock	777.00 UAH	2
SB29835	Авторынок Барабашова К№7	in stock	1200.00 UAH	57
22-1115-0	Авторынок Барабашова К№7	in stock	1420.00 UAH	2
08-012	Авторынок Барабашова К№7	in stock	451.00 UAH	1
SB910591	Авторынок Барабашова К№7	in stock	935.00 UAH	6
RD.2638.GS8669	Авторынок Барабашова К№7	in stock	557.00 UAH	1
RD.2638.GS8729	Авторынок Барабашова К№7	in stock	617.00 UAH	1
RP2108	Авторынок Барабашова К№7	in stock	484.00 UAH	2
RD.330066PRF	Авторынок Барабашова К№7	in stock	1097.00 UAH	1
RD.3323.DB1262	Авторынок Барабашова К№7	in stock	548.00 UAH	1
GDB1263	Авторынок Барабашова К№7	in stock	1435.00 UAH	2
FVR1647	Авторынок Барабашова К№7	in stock	1300.00 UAH	4
2436701	Авторынок Барабашова К№7	in stock	1430.00 UAH	3
0 986 424 482	Авторынок Барабашова К№7	in stock	1457.00 UAH	3
AST200	Авторынок Барабашова К№7	in stock	456.00 UAH	1
05P1285	Авторынок Барабашова К№7	in stock	1474.00 UAH	4
SB23901C	Авторынок Барабашова К№7	in stock	573.00 UAH	51
SB25112	Авторынок Барабашова К№7	in stock	858.00 UAH	3
SB20960	Авторынок Барабашова К№7	in stock	558.00 UAH	58
SB25232	Авторынок Барабашова К№7	in stock	453.00 UAH	49
SB23021	Авторынок Барабашова К№7	in stock	696.00 UAH	57
SB21621	Авторынок Барабашова К№7	in stock	721.00 UAH	17
SB29190	Авторынок Барабашова К№7	in stock	790.00 UAH	45
SB29217	Авторынок Барабашова К№7	in stock	854.00 UAH	56
SB23669	Авторынок Барабашова К№7	in stock	762.00 UAH	19
SB23326	Авторынок Барабашова К№7	in stock	652.00 UAH	34
SB91062	Авторынок Барабашова К№7	in stock	829.00 UAH	34
SB98101	Авторынок Барабашова К№7	in stock	810.00 UAH	13
SB37200	Авторынок Барабашова К№7	in stock	671.00 UAH	17
SB24008	Авторынок Барабашова К№7	in stock	561.00 UAH	26
SB23130	Авторынок Барабашова К№7	in stock	705.00 UAH	6
SB23131	Авторынок Барабашова К№7	in stock	713.00 UAH	30
SB23587	Авторынок Барабашова К№7	in stock	1022.00 UAH	23
SB23974	Авторынок Барабашова К№7	in stock	566.00 UAH	51
SB23234	Авторынок Барабашова К№7	in stock	579.00 UAH	18
SB21463	Авторынок Барабашова К№7	in stock	618.00 UAH	19
SB21463C	Авторынок Барабашова К№7	in stock	492.00 UAH	39
SB25702	Авторынок Барабашова К№7	in stock	535.00 UAH	63
SB23241	Авторынок Барабашова К№7	in stock	504.00 UAH	50
SB20640	Авторынок Барабашова К№7	in stock	689.00 UAH	17
SB23434	Авторынок Барабашова К№7	in stock	813.00 UAH	38
SB24485	Авторынок Барабашова К№7	in stock	822.00 UAH	13
SB21470	Авторынок Барабашова К№7	in stock	826.00 UAH	10
SB29129	Авторынок Барабашова К№7	in stock	963.00 UAH	4
SB29200	Авторынок Барабашова К№7	in stock	925.00 UAH	48
SB23990	Авторынок Барабашова К№7	in stock	790.00 UAH	57
SB23990C	Авторынок Барабашова К№7	in stock	693.00 UAH	52
SB24007	Авторынок Барабашова К№7	in stock	860.00 UAH	42
SB23973	Авторынок Барабашова К№7	in stock	509.00 UAH	23
SB21190	Авторынок Барабашова К№7	in stock	788.00 UAH	13
SB24693	Авторынок Барабашова К№7	in stock	750.00 UAH	30
SB25147	Авторынок Барабашова К№7	in stock	940.00 UAH	57
SB23613	Авторынок Барабашова К№7	in stock	913.00 UAH	54
SB24914	Авторынок Барабашова К№7	in stock	734.00 UAH	22
SB23099	Авторынок Барабашова К№7	in stock	803.00 UAH	61
SB25681	Авторынок Барабашова К№7	in stock	594.00 UAH	55
SB20784	Авторынок Барабашова К№7	in stock	877.00 UAH	6
SB20676	Авторынок Барабашова К№7	in stock	950.00 UAH	20
SB20166	Авторынок Барабашова К№7	in stock	461.00 UAH	24
SB23671	Авторынок Барабашова К№7	in stock	468.00 UAH	40
SB23022	Авторынок Барабашова К№7	in stock	764.00 UAH	11
SB23746	Авторынок Барабашова К№7	in stock	1079.00 UAH	36
SB29121	Авторынок Барабашова К№7	in stock	876.00 UAH	4
BBS6328	Авторынок Барабашова К№7	in stock	552.00 UAH	2
9209	Авторынок Барабашова К№7	in stock	901.00 UAH	17
SB91055	Авторынок Барабашова К№7	in stock	621.00 UAH	15
SB23914	Авторынок Барабашова К№7	in stock	667.00 UAH	19
SB23482	Авторынок Барабашова К№7	in stock	667.00 UAH	5
RWS1450	Авторынок Барабашова К№7	in stock	344.00 UAH	48
2D0 601 149C 091	Авторынок Барабашова К№7	in stock	762.00 UAH	1
311 867 169  3U6	Авторынок Барабашова К№7	in stock	116.00 UAH	1
311 867 169  71N	Авторынок Барабашова К№7	in stock	120.00 UAH	1
A 000 998 15 22	Авторынок Барабашова К№7	in stock	733.00 UAH	1
ES 1521	Авторынок Барабашова К№7	in stock	159.00 UAH	20
000.230	Авторынок Барабашова К№7	in stock	166.00 UAH	56
18913	Авторынок Барабашова К№7	in stock	204.00 UAH	114
K015648XS	Авторынок Барабашова К№7	in stock	5963.00 UAH	10
VKMA95613	Авторынок Барабашова К№7	in stock	2764.00 UAH	6
530 0164 10	Авторынок Барабашова К№7	in stock	2389.00 UAH	49
9092	Авторынок Барабашова К№7	in stock	804.00 UAH	5
20827	Авторынок Барабашова К№7	in stock	800.00 UAH	1
PT306	Авторынок Барабашова К№7	in stock	1020.00 UAH	1
30313	Авторынок Барабашова К№7	in stock	779.00 UAH	16
GDB3279	Авторынок Барабашова К№7	in stock	1265.00 UAH	6
21624.00	Авторынок Барабашова К№7	in stock	1028.00 UAH	5
1252.02	Авторынок Барабашова К№7	in stock	976.00 UAH	1
223361	Авторынок Барабашова К№7	in stock	1330.00 UAH	1
CKCR-3	Авторынок Барабашова К№7	in stock	1120.00 UAH	1
P6213.02	Авторынок Барабашова К№7	in stock	980.00 UAH	4
GDB3328	Авторынок Барабашова К№7	in stock	1639.00 UAH	18
50-H0-013	Авторынок Барабашова К№7	in stock	678.00 UAH	1
C1I012ABE	Авторынок Барабашова К№7	in stock	1299.00 UAH	3
LP2102	Авторынок Барабашова К№7	in stock	1178.00 UAH	10
025 214 7919	Авторынок Барабашова К№7	in stock	1237.00 UAH	32
27D02	Авторынок Барабашова К№7	in stock	773.00 UAH	2
27E29	Авторынок Барабашова К№7	in stock	839.00 UAH	4
07410	Авторынок Барабашова К№7	in stock	1174.00 UAH	12
03.0137-0460.2	Авторынок Барабашова К№7	in stock	1909.00 UAH	2
826317	Авторынок Барабашова К№7	in stock	12697.00 UAH	14
3000 158 001	Авторынок Барабашова К№7	in stock	3741.00 UAH	1
KL111275685792	Авторынок Барабашова К№7	in stock	900.00 UAH	1
G6W030PC	Авторынок Барабашова К№7	in stock	276.00 UAH	2
613-301	Авторынок Барабашова К№7	in stock	550.00 UAH	1
20337	Авторынок Барабашова К№7	in stock	729.00 UAH	18
93179723	Авторынок Барабашова К№7	in stock	600.00 UAH	2
ENT910202	Авторынок Барабашова К№7	in stock	804.00 UAH	1
RK6313	Авторынок Барабашова К№7	in stock	706.00 UAH	1
LR040738 RK	Авторынок Барабашова К№7	in stock	1500.00 UAH	1
113009	Авторынок Барабашова К№7	in stock	450.00 UAH	30
KLLR061969	Авторынок Барабашова К№7	in stock	900.00 UAH	2
KLLR013149	Авторынок Барабашова К№7	in stock	800.00 UAH	3
832816-0001	Авторынок Барабашова К№7	in stock	476.00 UAH	2
201052	Авторынок Барабашова К№7	in stock	368.00 UAH	57
105-0622	Авторынок Барабашова К№7	in stock	357.00 UAH	65
22755	Авторынок Барабашова К№7	in stock	1289.00 UAH	2
0582BJR	Авторынок Барабашова К№7	in stock	2057.00 UAH	1
VKBA 3538	Авторынок Барабашова К№7	in stock	1407.00 UAH	7
H11021BTA	Авторынок Барабашова К№7	in stock	1009.00 UAH	5
821463	Авторынок Барабашова К№7	in stock	5142.00 UAH	1
6420940080 + 6420940580	Авторынок Барабашова К№7	in stock	400.00 UAH	1
DRM01010	Авторынок Барабашова К№7	in stock	350.00 UAH	10
3 397 007 100	Авторынок Барабашова К№7	in stock	1500.00 UAH	33
1323Y2-132312	Авторынок Барабашова К№7	in stock	150.00 UAH	6
A 008 545 55 26	Авторынок Барабашова К№7	in stock	182.00 UAH	4
662156	Авторынок Барабашова К№7	in stock	417.00 UAH	1
08670	Авторынок Барабашова К№7	in stock	322.00 UAH	9
P999 G13/1.5L	Авторынок Барабашова К№7	in stock	540.00 UAH	1
SD80	Авторынок Барабашова К№7	in stock	168.00 UAH	77
10026	Авторынок Барабашова К№7	in stock	226.00 UAH	2
3082 267 233	Авторынок Барабашова К№7	in stock	2912.00 UAH	2
385 7031	Авторынок Барабашова К№7	in stock	1098.00 UAH	1
A 001 540 28 81	Авторынок Барабашова К№7	in stock	165.00 UAH	1
A 038 545 48 28	Авторынок Барабашова К№7	in stock	210.00 UAH	2
11531740478	Авторынок Барабашова К№7	in stock	394.00 UAH	1
31354	Авторынок Барабашова К№7	in stock	4918.00 UAH	1
109169	Авторынок Барабашова К№7	in stock	3739.00 UAH	12
55408	Авторынок Барабашова К№7	in stock	795.00 UAH	6
100 4180	Авторынок Барабашова К№7	in stock	585.00 UAH	15
U167	Авторынок Барабашова К№7	in stock	376.00 UAH	1
014 041 0066	Авторынок Барабашова К№7	in stock	546.00 UAH	41
U967	Авторынок Барабашова К№7	in stock	1075.00 UAH	5
GU1100	Авторынок Барабашова К№7	in stock	412.00 UAH	30
U729	Авторынок Барабашова К№7	in stock	587.00 UAH	1
4301-06-0012P	Авторынок Барабашова К№7	in stock	1139.00 UAH	1
01.34.038	Авторынок Барабашова К№7	in stock	688.00 UAH	4
2101-1103010-01	Авторынок Барабашова К№7	in stock	228.00 UAH	1
700 6170	Авторынок Барабашова К№7	in stock	309.00 UAH	21
FT94712	Авторынок Барабашова К№7	in stock	209.00 UAH	14
07.40.003	Авторынок Барабашова К№7	in stock	200.00 UAH	2
505 0220	Авторынок Барабашова К№7	in stock	262.00 UAH	11
85292-0F010	Авторынок Барабашова К№7	in stock	80.00 UAH	45
A 611 988 00 35	Авторынок Барабашова К№7	in stock	155.00 UAH	2
310 3002	Авторынок Барабашова К№7	in stock	240.00 UAH	24
6341438	Авторынок Барабашова К№7	in stock	408.00 UAH	1
80241	Авторынок Барабашова К№7	in stock	213.00 UAH	6
385 7034	Авторынок Барабашова К№7	in stock	746.00 UAH	1
100 1810	Авторынок Барабашова К№7	in stock	791.00 UAH	18
25205	Авторынок Барабашова К№7	in stock	423.00 UAH	2
139929	Авторынок Барабашова К№7	in stock	139.00 UAH	3
16405-50051	Авторынок Барабашова К№7	in stock	324.00 UAH	1
J1542002	Авторынок Барабашова К№7	in stock	198.00 UAH	1
700 210 755	Авторынок Барабашова К№7	in stock	184.00 UAH	1
1.330.116	Авторынок Барабашова К№7	in stock	412.00 UAH	3
130 8825	Авторынок Барабашова К№7	in stock	498.00 UAH	7
A 000 180 23 38	Авторынок Барабашова К№7	in stock	1817.00 UAH	2
A 000 155 09 02	Авторынок Барабашова К№7	in stock	253.00 UAH	4
PL270X/420X-2	Авторынок Барабашова К№7	in stock	163.00 UAH	56
1T0 951 182 C	Авторынок Барабашова К№7	in stock	453.00 UAH	1
380 7133	Авторынок Барабашова К№7	in stock	362.00 UAH	21
100 8852	Авторынок Барабашова К№7	in stock	408.00 UAH	1
A 601 320 03 89	Авторынок Барабашова К№7	in stock	1174.00 UAH	2
88070737102	Авторынок Барабашова К№7	in stock	436.00 UAH	1
201140	Авторынок Барабашова К№7	in stock	238.00 UAH	5
2D1 827 605 A	Авторынок Барабашова К№7	in stock	128.00 UAH	1
99411823302	Авторынок Барабашова К№7	in stock	560.00 UAH	1
100 4012	Авторынок Барабашова К№7	in stock	254.00 UAH	21
391 5002	Авторынок Барабашова К№7	in stock	792.00 UAH	19
6508-06-0035931P	Авторынок Барабашова К№7	in stock	764.00 UAH	1
700 5160	Авторынок Барабашова К№7	in stock	479.00 UAH	19
68141 920AB	Авторынок Барабашова К№7	in stock	617.00 UAH	1
100 9808	Авторынок Барабашова К№7	in stock	135.00 UAH	21
100 9809	Авторынок Барабашова К№7	in stock	135.00 UAH	15
02952	Авторынок Барабашова К№7	in stock	196.00 UAH	4
6304-2RS	Авторынок Барабашова К№7	in stock	93.00 UAH	1
10VW41	Авторынок Барабашова К№7	in stock	669.00 UAH	60
SM0171	Авторынок Барабашова К№7	in stock	299.00 UAH	27
4005281	Авторынок Барабашова К№7	in stock	694.00 UAH	6
109 089 756	Авторынок Барабашова К№7	in stock	79.00 UAH	3
6504-03-3545702P	Авторынок Барабашова К№7	in stock	210.00 UAH	1
F 032 135 172	Авторынок Барабашова К№7	in stock	206.00 UAH	10
10903405	Авторынок Барабашова К№7	in stock	130.00 UAH	2
13x18x2.5	Авторынок Барабашова К№7	in stock	50.00 UAH	87
A6019970645	Авторынок Барабашова К№7	in stock	218.00 UAH	224
4.20871	Авторынок Барабашова К№7	in stock	50.00 UAH	92
12409	Авторынок Барабашова К№7	in stock	122.00 UAH	117
A 123 997 11 81	Авторынок Барабашова К№7	in stock	310.00 UAH	1
F 01M 100 389	Авторынок Барабашова К№7	in stock	125.00 UAH	12
38770	Авторынок Барабашова К№7	in stock	30.00 UAH	145
A 012 997 51 48	Авторынок Барабашова К№7	in stock	163.00 UAH	19
ENT250095	Авторынок Барабашова К№7	in stock	30.00 UAH	1
001 01 V2	Авторынок Барабашова К№7	in stock	1091.00 UAH	19
8GP 002 066-121	Авторынок Барабашова К№7	in stock	39.00 UAH	6
ax-1347	Авторынок Барабашова К№7	in stock	308.00 UAH	1
64150	Авторынок Барабашова К№7	in stock	182.00 UAH	27
64155	Авторынок Барабашова К№7	in stock	211.00 UAH	118
CBH28S	Авторынок Барабашова К№7	in stock	190.00 UAH	1
64193	Авторынок Барабашова К№7	in stock	208.00 UAH	43
DK-12V5W_W2,1x9,5dW	Авторынок Барабашова К№7	in stock	5.00 UAH	10
SL2219	Авторынок Барабашова К№7	in stock	147.00 UAH	54
SL3001P	Авторынок Барабашова К№7	in stock	297.00 UAH	57
SL1211	Авторынок Барабашова К№7	in stock	227.00 UAH	55
SL1021	Авторынок Барабашова К№7	in stock	274.00 UAH	58
SL1022	Авторынок Барабашова К№7	in stock	278.00 UAH	59
SL1222	Авторынок Барабашова К№7	in stock	306.00 UAH	57
SL1023	Авторынок Барабашова К№7	in stock	143.00 UAH	55
SL3003P	Авторынок Барабашова К№7	in stock	350.00 UAH	53
SL1008	Авторынок Барабашова К№7	in stock	170.00 UAH	9
1 987 302 813	Авторынок Барабашова К№7	in stock	127.00 UAH	43
SL2038	Авторынок Барабашова К№7	in stock	276.00 UAH	55
SL2041	Авторынок Барабашова К№7	in stock	243.00 UAH	59
SL2037	Авторынок Барабашова К№7	in stock	276.00 UAH	54
SL2040	Авторынок Барабашова К№7	in stock	267.00 UAH	65
SL2039	Авторынок Барабашова К№7	in stock	298.00 UAH	54
SL2036	Авторынок Барабашова К№7	in stock	207.00 UAH	65
SL2207	Авторынок Барабашова К№7	in stock	113.00 UAH	65
170493000	Авторынок Барабашова К№7	in stock	124.00 UAH	12
SL2034	Авторынок Барабашова К№7	in stock	118.00 UAH	75
SL2033	Авторынок Барабашова К№7	in stock	118.00 UAH	79
SL2234	Авторынок Барабашова К№7	in stock	16.00 UAH	75
SL2233	Авторынок Барабашова К№7	in stock	118.00 UAH	75
SL2210	Авторынок Барабашова К№7	in stock	11.00 UAH	25
SL2035	Авторынок Барабашова К№7	in stock	289.00 UAH	1
SL2035	Авторынок Барабашова К№7	in stock	62.00 UAH	15
SL2023	Авторынок Барабашова К№7	in stock	62.00 UAH	75
SL2022	Авторынок Барабашова К№7	in stock	49.00 UAH	73
SL2027	Авторынок Барабашова К№7	in stock	67.00 UAH	67
SL2028	Авторынок Барабашова К№7	in stock	39.00 UAH	82
SL2019	Авторынок Барабашова К№7	in stock	294.00 UAH	68
SL2021	Авторынок Барабашова К№7	in stock	312.00 UAH	69
SL2020	Авторынок Барабашова К№7	in stock	336.00 UAH	72
SL2024	Авторынок Барабашова К№7	in stock	150.00 UAH	92
SL2029	Авторынок Барабашова К№7	in stock	49.00 UAH	80
SL2026	Авторынок Барабашова К№7	in stock	8.00 UAH	73
2722	Авторынок Барабашова К№7	in stock	131.00 UAH	45
17036CP	Авторынок Барабашова К№7	in stock	123.00 UAH	9
170543000	Авторынок Барабашова К№7	in stock	124.00 UAH	6
Carlitek H1 12V	Авторынок Барабашова К№7	in stock	741.00 UAH	1
SL1020	Авторынок Барабашова К№7	in stock	225.00 UAH	62
SL1010	Авторынок Барабашова К№7	in stock	118.00 UAH	59
SL3011	Авторынок Барабашова К№7	in stock	383.00 UAH	57
SL1011	Авторынок Барабашова К№7	in stock	125.00 UAH	58
SL1012	Авторынок Барабашова К№7	in stock	181.00 UAH	57
SL3001	Авторынок Барабашова К№7	in stock	259.00 UAH	58
SL1001	Авторынок Барабашова К№7	in stock	40.00 UAH	70
SL1201	Авторынок Барабашова К№7	in stock	134.00 UAH	74
SL1017	Авторынок Барабашова К№7	in stock	155.00 UAH	63
SL1018	Авторынок Барабашова К№7	in stock	71.00 UAH	56
SL3003	Авторынок Барабашова К№7	in stock	257.00 UAH	55
SL1003	Авторынок Барабашова К№7	in stock	43.00 UAH	66
SL1203	Авторынок Барабашова К№7	in stock	48.00 UAH	80
SL3004C	Авторынок Барабашова К№7	in stock	328.00 UAH	57
SL3004S	Авторынок Барабашова К№7	in stock	300.00 UAH	57
SL3004	Авторынок Барабашова К№7	in stock	430.00 UAH	57
SL1004	Авторынок Барабашова К№7	in stock	106.00 UAH	99
SL1004/1	Авторынок Барабашова К№7	in stock	111.00 UAH	99
SL1204	Авторынок Барабашова К№7	in stock	125.00 UAH	93
SL3007C	Авторынок Барабашова К№7	in stock	355.00 UAH	59
SL3007S	Авторынок Барабашова К№7	in stock	304.00 UAH	58
SL3007	Авторынок Барабашова К№7	in stock	408.00 UAH	57
SL1007	Авторынок Барабашова К№7	in stock	144.00 UAH	26
SL1207	Авторынок Барабашова К№7	in stock	146.00 UAH	83
SL3008	Авторынок Барабашова К№7	in stock	386.00 UAH	59
SL1013	Авторынок Барабашова К№7	in stock	135.00 UAH	58
SL1014	Авторынок Барабашова К№7	in stock	162.00 UAH	56
SL3015	Авторынок Барабашова К№7	in stock	379.00 UAH	57
SL1015	Авторынок Барабашова К№7	in stock	162.00 UAH	58
SL1016	Авторынок Барабашова К№7	in stock	136.00 UAH	59
SL1019	Авторынок Барабашова К№7	in stock	74.00 UAH	63
SL2007	Авторынок Барабашова К№7	in stock	6.00 UAH	94
SL2014	Авторынок Барабашова К№7	in stock	117.00 UAH	85
SL2003	Авторынок Барабашова К№7	in stock	10.00 UAH	79
SL2015	Авторынок Барабашова К№7	in stock	11.00 UAH	77
SL2018	Авторынок Барабашова К№7	in stock	19.00 UAH	82
SL2001	Авторынок Барабашова К№7	in stock	12.00 UAH	71
SL2008	Авторынок Барабашова К№7	in stock	42.00 UAH	18
SL2002	Авторынок Барабашова К№7	in stock	12.00 UAH	56
SL2017	Авторынок Барабашова К№7	in stock	28.00 UAH	81
SL2016	Авторынок Барабашова К№7	in stock	123.00 UAH	82
SL2006	Авторынок Барабашова К№7	in stock	5.00 UAH	65
SL2010	Авторынок Барабашова К№7	in stock	13.00 UAH	103
SL2009	Авторынок Барабашова К№7	in stock	117.00 UAH	30
SL2011	Авторынок Барабашова К№7	in stock	117.00 UAH	81
SL2004	Авторынок Барабашова К№7	in stock	11.00 UAH	94
SL2005	Авторынок Барабашова К№7	in stock	8.00 UAH	75
SL2012	Авторынок Барабашова К№7	in stock	68.00 UAH	81
SL2013	Авторынок Барабашова К№7	in stock	116.00 UAH	84
SL2201	Авторынок Барабашова К№7	in stock	12.00 UAH	101
SL2203	Авторынок Барабашова К№7	in stock	15.00 UAH	76
SL2202	Авторынок Барабашова К№7	in stock	12.00 UAH	101
SL2217	Авторынок Барабашова К№7	in stock	120.00 UAH	75
SL2209	Авторынок Барабашова К№7	in stock	117.00 UAH	75
SL2204	Авторынок Барабашова К№7	in stock	10.00 UAH	100
SL2205	Авторынок Барабашова К№7	in stock	6.00 UAH	88
SL4002	Авторынок Барабашова К№7	in stock	218.00 UAH	58
SL4001	Авторынок Барабашова К№7	in stock	239.00 UAH	59
SL4010	Авторынок Барабашова К№7	in stock	151.00 UAH	65
SL4305	Авторынок Барабашова К№7	in stock	157.00 UAH	60
SL4009	Авторынок Барабашова К№7	in stock	72.00 UAH	9
SL4039	Авторынок Барабашова К№7	in stock	147.00 UAH	11
SL4011	Авторынок Барабашова К№7	in stock	146.00 UAH	34
SL4315	Авторынок Барабашова К№7	in stock	166.00 UAH	56
SL4015	Авторынок Барабашова К№7	in stock	41.00 UAH	65
SL4008	Авторынок Барабашова К№7	in stock	243.00 UAH	58
SL4016	Авторынок Барабашова К№7	in stock	90.00 UAH	62
SL4030	Авторынок Барабашова К№7	in stock	40.00 UAH	91
SL4007	Авторынок Барабашова К№7	in stock	121.00 UAH	54
SL4004	Авторынок Барабашова К№7	in stock	80.00 UAH	51
8GA002 073-241	Авторынок Барабашова К№7	in stock	121.00 UAH	1
N 049846 000001	Авторынок Барабашова К№7	in stock	146.00 UAH	2
17635CP	Авторынок Барабашова К№7	in stock	121.00 UAH	2
009418100000	Авторынок Барабашова К№7	in stock	120.00 UAH	38
1 987 302 822	Авторынок Барабашова К№7	in stock	146.00 UAH	88
7528	Авторынок Барабашова К№7	in stock	144.00 UAH	23
1 987 302 820	Авторынок Барабашова К№7	in stock	122.00 UAH	31
1 987 302 201	Авторынок Барабашова К№7	in stock	124.00 UAH	81
7506	Авторынок Барабашова К№7	in stock	134.00 UAH	27
1 987 302 205	Авторынок Барабашова К№7	in stock	132.00 UAH	13
6411	Авторынок Барабашова К№7	in stock	134.00 UAH	23
337210-02	Авторынок Барабашова К№7	in stock	1627.00 UAH	3
3154700519	Авторынок Барабашова К№7	in stock	1430.00 UAH	2
F020T674ZA02	Авторынок Барабашова К№7	in stock	2210.00 UAH	2
0 258 986 617	Авторынок Барабашова К№7	in stock	2161.00 UAH	2
BG82052-L	Авторынок Барабашова К№7	in stock	270.00 UAH	1
A 000 820 62 21	Авторынок Барабашова К№7	in stock	843.00 UAH	1
SOP-L	Авторынок Барабашова К№7	in stock	199.00 UAH	6
89450576102	Авторынок Барабашова К№7	in stock	1687.00 UAH	1
394 5047	Авторынок Барабашова К№7	in stock	2759.00 UAH	5
A 002 544 97 03	Авторынок Барабашова К№7	in stock	2871.00 UAH	1
8127006031	Авторынок Барабашова К№7	in stock	400.00 UAH	2
8200013577	Авторынок Барабашова К№7	in stock	350.00 UAH	26
8E0807430B	Авторынок Барабашова К№7	in stock	300.00 UAH	3
3B5 943 021 E	Авторынок Барабашова К№7	in stock	300.00 UAH	1
8200480127	Авторынок Барабашова К№7	in stock	300.00 UAH	9
265108474R	Авторынок Барабашова К№7	in stock	300.00 UAH	11
63267165646	Авторынок Барабашова К№7	in stock	300.00 UAH	22
1J6 943 021 B	Авторынок Барабашова К№7	in stock	250.00 UAH	4
8D0 943 021 C	Авторынок Барабашова К№7	in stock	400.00 UAH	4
81271-60332	Авторынок Барабашова К№7	in stock	350.00 UAH	26
A2218200856	Авторынок Барабашова К№7	in stock	350.00 UAH	2
A 973 820 02 21	Авторынок Барабашова К№7	in stock	1115.00 UAH	1
SD45	Авторынок Барабашова К№7	in stock	286.00 UAH	9
213908	Авторынок Барабашова К№7	in stock	2003.00 UAH	6
223519	Авторынок Барабашова К№7	in stock	711.00 UAH	31
05100-00410	Авторынок Барабашова К№7	in stock	1448.00 UAH	18
00289-ATFWS	Авторынок Барабашова К№7	in stock	862.00 UAH	8
QT3200001	Авторынок Барабашова К№7	in stock	344.00 UAH	13
W719/45	Авторынок Барабашова К№7	in stock	866.00 UAH	128
OC1252	Авторынок Барабашова К№7	in stock	469.00 UAH	73
15208-ED50A	Авторынок Барабашова К№7	in stock	401.00 UAH	29
15208-4LC0A	Авторынок Барабашова К№7	in stock	345.00 UAH	32
ADF122122	Авторынок Барабашова К№7	in stock	340.00 UAH	24
90915-YZZD2	Авторынок Барабашова К№7	in stock	410.00 UAH	20
04152-YZZA1	Авторынок Барабашова К№7	in stock	447.00 UAH	46
90915-YZZD4	Авторынок Барабашова К№7	in stock	432.00 UAH	38
04152-YZZA4	Авторынок Барабашова К№7	in stock	426.00 UAH	38
PE01-14-302B	Авторынок Барабашова К№7	in stock	718.00 UAH	34
FOE380DK	Авторынок Барабашова К№7	in stock	218.00 UAH	6
15208AA160	Авторынок Барабашова К№7	in stock	498.00 UAH	26
04152-YZZA3	Авторынок Барабашова К№7	in stock	343.00 UAH	29
4106129	Авторынок Барабашова К№7	in stock	151.00 UAH	1
SD24	Авторынок Барабашова К№7	in stock	190.00 UAH	2
WD-40400	Авторынок Барабашова К№7	in stock	586.00 UAH	1
SH158.53	Авторынок Барабашова К№7	in stock	1135.00 UAH	5
SH155.82K	Авторынок Барабашова К№7	in stock	1685.00 UAH	3
SH182.61	Авторынок Барабашова К№7	in stock	1211.00 UAH	5
SH184.08	Авторынок Барабашова К№7	in stock	935.00 UAH	8
SH150.45	Авторынок Барабашова К№7	in stock	2235.00 UAH	14
SH153.19	Авторынок Барабашова К№7	in stock	1262.00 UAH	11
SH102717000B	Авторынок Барабашова К№7	in stock	3327.00 UAH	2
SH155.132K	Авторынок Барабашова К№7	in stock	2468.00 UAH	2
SH153.32K	Авторынок Барабашова К№7	in stock	2228.00 UAH	2
11127555212	Авторынок Барабашова К№7	in stock	530.00 UAH	10
03H 103 429 H-M	Авторынок Барабашова К№7	in stock	750.00 UAH	3
0248Q5-M	Авторынок Барабашова К№7	in stock	700.00 UAH	5
06H 103 495 A-M	Авторынок Барабашова К№7	in stock	300.00 UAH	10
HG9043	Авторынок Барабашова К№7	in stock	589.00 UAH	6
T38415	Авторынок Барабашова К№7	in stock	1767.00 UAH	41
100 7616	Авторынок Барабашова К№7	in stock	625.00 UAH	21
TR1249	Авторынок Барабашова К№7	in stock	1080.00 UAH	1
505 0265	Авторынок Барабашова К№7	in stock	1513.00 UAH	5
505 0241	Авторынок Барабашова К№7	in stock	2216.00 UAH	11
100 6956	Авторынок Барабашова К№7	in stock	1078.00 UAH	11
RWS3948	Авторынок Барабашова К№7	in stock	143.00 UAH	3
0649	Авторынок Барабашова К№7	in stock	358.00 UAH	7
0647	Авторынок Барабашова К№7	in stock	559.00 UAH	1
0648	Авторынок Барабашова К№7	in stock	561.00 UAH	1
A 000 421 69 91	Авторынок Барабашова К№7	in stock	829.00 UAH	2
11.8116-0172.1	Авторынок Барабашова К№7	in stock	210.00 UAH	1
D4-2862A	Авторынок Барабашова К№7	in stock	489.00 UAH	2
1054	Авторынок Барабашова К№7	in stock	259.00 UAH	1
LX0168	Авторынок Барабашова К№7	in stock	289.00 UAH	2
LY1327	Авторынок Барабашова К№7	in stock	584.00 UAH	1
109-1188	Авторынок Барабашова К№7	in stock	383.00 UAH	4
1233	Авторынок Барабашова К№7	in stock	404.00 UAH	3
SD60	Авторынок Барабашова К№7	in stock	222.00 UAH	67
10W40_60	Авторынок Барабашова К№7	in stock	292.00 UAH	12
68518203AA	Авторынок Барабашова К№7	in stock	2864.00 UAH	21
68518202AA	Авторынок Барабашова К№7	in stock	668.00 UAH	20
DSF-21195	Авторынок Барабашова К№7	in stock	1380.00 UAH	27
DSF-26332	Авторынок Барабашова К№7	in stock	1142.00 UAH	3
02.34.003	Авторынок Барабашова К№7	in stock	1411.00 UAH	1
KT110040	Авторынок Барабашова К№7	in stock	2527.00 UAH	32
A 638 817 04 20	Авторынок Барабашова К№7	in stock	255.00 UAH	1
A 638 817 08 15	Авторынок Барабашова К№7	in stock	920.00 UAH	3
A 202 737 02 88 9051	Авторынок Барабашова К№7	in stock	439.00 UAH	1
505 1746	Авторынок Барабашова К№7	in stock	441.00 UAH	1
8172200306	Авторынок Барабашова К№7	in stock	156.00 UAH	2
07534	Авторынок Барабашова К№7	in stock	193.00 UAH	5
02.27.002	Авторынок Барабашова К№7	in stock	171.00 UAH	21
10698	Авторынок Барабашова К№7	in stock	55.00 UAH	53
100 6866	Авторынок Барабашова К№7	in stock	2242.00 UAH	7
BP8112	Авторынок Барабашова К№7	in stock	260.00 UAH	1
505 0759	Авторынок Барабашова К№7	in stock	1537.00 UAH	1
RL200100G4	Авторынок Барабашова К№7	in stock	429.00 UAH	1
"Наклейка ""Ребенок в машине"""	Авторынок Барабашова К№7	in stock	10.00 UAH	10
MB60/1	Авторынок Барабашова К№7	in stock	145.00 UAH	11
G1-560	Авторынок Барабашова К№7	in stock	1615.00 UAH	1
08322	Авторынок Барабашова К№7	in stock	866.00 UAH	3
925173	Авторынок Барабашова К№7	in stock	449.00 UAH	1
036 020 0012	Авторынок Барабашова К№7	in stock	544.00 UAH	1
DB-ES-2753	Авторынок Барабашова К№7	in stock	716.00 UAH	1
11403 02	Авторынок Барабашова К№7	in stock	1461.00 UAH	3
17MR0800	Авторынок Барабашова К№7	in stock	606.00 UAH	56
91.01470	Авторынок Барабашова К№7	in stock	630.00 UAH	37
SE-N281L	Авторынок Барабашова К№7	in stock	1126.00 UAH	2
RE-ES-0810	Авторынок Барабашова К№7	in stock	1056.00 UAH	6
91-00162	Авторынок Барабашова К№7	in stock	361.00 UAH	3
91-00161	Авторынок Барабашова К№7	in stock	361.00 UAH	8
27594 02	Авторынок Барабашова К№7	in stock	1802.00 UAH	53
19866	Авторынок Барабашова К№7	in stock	240.00 UAH	2
10274 02	Авторынок Барабашова К№7	in stock	344.00 UAH	2
30 71 0010	Авторынок Барабашова К№7	in stock	493.00 UAH	1
304190811701B	Авторынок Барабашова К№7	in stock	268.00 UAH	3
14549 02	Авторынок Барабашова К№7	in stock	1208.00 UAH	3
G1-832	Авторынок Барабашова К№7	in stock	386.00 UAH	1
13794 02	Авторынок Барабашова К№7	in stock	1268.00 UAH	4
LMI13794	Авторынок Барабашова К№7	in stock	1030.00 UAH	1
915770	Авторынок Барабашова К№7	in stock	429.00 UAH	1
17AU1201	Авторынок Барабашова К№7	in stock	613.00 UAH	18
17RN1121	Авторынок Барабашова К№7	in stock	829.00 UAH	50
206039	Авторынок Барабашова К№7	in stock	530.00 UAH	2
30690 01	Авторынок Барабашова К№7	in stock	1020.00 UAH	18
17VW34	Авторынок Барабашова К№7	in stock	516.00 UAH	35
RL-322327B	Авторынок Барабашова К№7	in stock	453.00 UAH	47
840 0710 10	Авторынок Барабашова К№7	in stock	508.00 UAH	1
RL-203303M	Авторынок Барабашова К№7	in stock	641.00 UAH	39
RL-203403M	Авторынок Барабашова К№7	in stock	641.00 UAH	38
A 000 431 06 67	Авторынок Барабашова К№7	in stock	851.00 UAH	1
RD.568805H000	Авторынок Барабашова К№7	in stock	469.00 UAH	1
113-1310X	Авторынок Барабашова К№7	in stock	302.00 UAH	42
A 601 740 01 64	Авторынок Барабашова К№7	in stock	185.00 UAH	1
0K240-33694	Авторынок Барабашова К№7	in stock	176.00 UAH	4
113-1373X	Авторынок Барабашова К№7	in stock	328.00 UAH	58
810005	Авторынок Барабашова К№7	in stock	380.00 UAH	53
112-1482X	Авторынок Барабашова К№7	in stock	219.00 UAH	3
113-1347X	Авторынок Барабашова К№7	in stock	292.00 UAH	85
410280	Авторынок Барабашова К№7	in stock	366.00 UAH	9
113-1301X	Авторынок Барабашова К№7	in stock	329.00 UAH	51
1301X	Авторынок Барабашова К№7	in stock	396.00 UAH	3
532 0582 10	Авторынок Барабашова К№7	in stock	1359.00 UAH	25
GE357.29	Авторынок Барабашова К№7	in stock	665.00 UAH	12
532 0623 10	Авторынок Барабашова К№7	in stock	756.00 UAH	24
VKM 21148	Авторынок Барабашова К№7	in stock	715.00 UAH	15
GT60420	Авторынок Барабашова К№7	in stock	737.00 UAH	2
G3515	Авторынок Барабашова К№7	in stock	152.00 UAH	4
A 601 743 00 39	Авторынок Барабашова К№7	in stock	305.00 UAH	27
41133-AX000	Авторынок Барабашова К№7	in stock	457.00 UAH	9
465027	Авторынок Барабашова К№7	in stock	272.00 UAH	21
1114101900	Авторынок Барабашова К№7	in stock	1016.00 UAH	1
50005170	Авторынок Барабашова К№7	in stock	1525.00 UAH	5
SOP-H	Авторынок Барабашова К№7	in stock	821.00 UAH	1
SOP-R	Авторынок Барабашова К№7	in stock	1290.00 UAH	54
0 392 020 073	Авторынок Барабашова К№7	in stock	4480.00 UAH	7
60-500-008	Авторынок Барабашова К№7	in stock	3777.00 UAH	1
PA7724	Авторынок Барабашова К№7	in stock	1439.00 UAH	24
MGC-5467	Авторынок Барабашова К№7	in stock	795.00 UAH	1
PA424	Авторынок Барабашова К№7	in stock	1263.00 UAH	12
MGC-5422	Авторынок Барабашова К№7	in stock	735.00 UAH	1
314870 0000	Авторынок Барабашова К№7	in stock	545.00 UAH	3
352316171165	Авторынок Барабашова К№7	in stock	1193.00 UAH	7
100 2037	Авторынок Барабашова К№7	in stock	1618.00 UAH	5
T41041	Авторынок Барабашова К№7	in stock	840.00 UAH	1
55190	Авторынок Барабашова К№7	in stock	1870.00 UAH	1
55611	Авторынок Барабашова К№7	in stock	2080.00 UAH	1
078 109 088 H	Авторынок Барабашова К№7	in stock	7000.00 UAH	1
078 109 087 F	Авторынок Барабашова К№7	in stock	6400.00 UAH	2
VKM 11113	Авторынок Барабашова К№7	in stock	1293.00 UAH	26
531 0318 10	Авторынок Барабашова К№7	in stock	1081.00 UAH	1
SPC-KK0547	Авторынок Барабашова К№7	in stock	723.00 UAH	1
701 843 405 B	Авторынок Барабашова К№7	in stock	3110.00 UAH	1
CKE0101	Авторынок Барабашова К№7	in stock	26.00 UAH	1
CKK0118	Авторынок Барабашова К№7	in stock	74.00 UAH	1
28-22	Авторынок Барабашова К№7	in stock	572.00 UAH	2
532 0313 20	Авторынок Барабашова К№7	in stock	987.00 UAH	1
306011	Авторынок Барабашова К№7	in stock	348.00 UAH	2
A 901 760 00 00	Авторынок Барабашова К№7	in stock	824.00 UAH	2
250-003	Авторынок Барабашова К№7	in stock	197.00 UAH	4
2E0 411 085	Авторынок Барабашова К№7	in stock	470.00 UAH	10
A 601 326 03 40	Авторынок Барабашова К№7	in stock	277.00 UAH	3
STR-1203296	Авторынок Барабашова К№7	in stock	122.00 UAH	2
202090	Авторынок Барабашова К№7	in stock	151.00 UAH	1
FX 211105	Авторынок Барабашова К№7	in stock	318.00 UAH	1
100 7283	Авторынок Барабашова К№7	in stock	1149.00 UAH	22
105775	Авторынок Барабашова К№7	in stock	548.00 UAH	11
105782	Авторынок Барабашова К№7	in stock	765.00 UAH	24
KE90090343	Авторынок Барабашова К№7	in stock	2427.00 UAH	1
KLAP5-05301	Авторынок Барабашова К№7	in stock	926.00 UAH	2
KLAP5-05304	Авторынок Барабашова К№7	in stock	2345.00 UAH	1
08886-02805	Авторынок Барабашова К№7	in stock	2817.00 UAH	11
08880-80845-BB	Авторынок Барабашова К№7	in stock	2111.00 UAH	9
214126	Авторынок Барабашова К№7	in stock	446.00 UAH	7
213894	Авторынок Барабашова К№7	in stock	2101.00 UAH	6
153996	Авторынок Барабашова К№7	in stock	377.00 UAH	1
15CF53	Авторынок Барабашова К№7	in stock	630.00 UAH	16
15F1CF	Авторынок Барабашова К№7	in stock	2284.00 UAH	67
XO-5W20-Q1SP	Авторынок Барабашова К№7	in stock	518.00 UAH	2
XO-5W20-5Q3SP	Авторынок Барабашова К№7	in stock	1961.00 UAH	1
XO-5W30-Q1SP	Авторынок Барабашова К№7	in stock	462.00 UAH	4
XO-5W30-5Q3SP	Авторынок Барабашова К№7	in stock	1899.00 UAH	1
93165214	Авторынок Барабашова К№7	in stock	927.00 UAH	22
08228-99974	Авторынок Барабашова К№7	in stock	3245.00 UAH	3
0W2005TFE	Авторынок Барабашова К№7	in stock	3445.00 UAH	32
KE900-90133	Авторынок Барабашова К№7	in stock	610.00 UAH	1
KE900-91033	Авторынок Барабашова К№7	in stock	669.00 UAH	22
KE900-90043	Авторынок Барабашова К№7	in stock	2367.00 UAH	23
KE900-90032	Авторынок Барабашова К№7	in stock	562.00 UAH	48
KE900-90042	Авторынок Барабашова К№7	in stock	2281.00 UAH	49
5W30_60	Авторынок Барабашова К№7	in stock	411.00 UAH	19
08880-14306	Авторынок Барабашова К№7	in stock	904.00 UAH	8
G S55 502 M2	Авторынок Барабашова К№7	in stock	798.00 UAH	27
G S55 502 M4	Авторынок Барабашова К№7	in stock	2319.00 UAH	1
G S55 545 M2	Авторынок Барабашова К№7	in stock	700.00 UAH	3
MN82051	Авторынок Барабашова К№7	in stock	312.00 UAH	1
AX-2068	Авторынок Барабашова К№7	in stock	449.00 UAH	6
48391050982	Авторынок Барабашова К№7	in stock	372.00 UAH	1
G 052 182 A2	Авторынок Барабашова К№7	in stock	1977.00 UAH	29
XT10-QLVC	Авторынок Барабашова К№7	in stock	723.00 UAH	1
OX174D	Авторынок Барабашова К№7	in stock	464.00 UAH	46
OX360D	Авторынок Барабашова К№7	in stock	382.00 UAH	62
5W40_60	Авторынок Барабашова К№7	in stock	377.00 UAH	12
502132	Авторынок Барабашова К№7	in stock	237.00 UAH	14
SD11	Авторынок Барабашова К№7	in stock	172.00 UAH	11
14201L	Авторынок Барабашова К№7	in stock	54.00 UAH	1
22638	Авторынок Барабашова К№7	in stock	1329.00 UAH	48
RC02082	Авторынок Барабашова К№7	in stock	267.00 UAH	87
514597	Авторынок Барабашова К№7	in stock	1330.00 UAH	3
CB0332	Авторынок Барабашова К№7	in stock	544.00 UAH	32
116 010 8287/HD	Авторынок Барабашова К№7	in stock	817.00 UAH	50
VO-BJ-7192	Авторынок Барабашова К№7	in stock	608.00 UAH	57
RD.993510155	Авторынок Барабашова К№7	in stock	412.00 UAH	2
1142350400	Авторынок Барабашова К№7	in stock	329.00 UAH	2
06-065	Авторынок Барабашова К№7	in stock	341.00 UAH	2
10RN5610	Авторынок Барабашова К№7	in stock	743.00 UAH	11
JBJ245	Авторынок Барабашова К№7	in stock	733.00 UAH	3
9841	Авторынок Барабашова К№7	in stock	579.00 UAH	1
865104	Авторынок Барабашова К№7	in stock	510.00 UAH	6
6006 2RSC3	Авторынок Барабашова К№7	in stock	259.00 UAH	30
78013	Авторынок Барабашова К№7	in stock	136.00 UAH	1
3108	Авторынок Барабашова К№7	in stock	233.00 UAH	11
33216	Авторынок Барабашова К№7	in stock	1315.00 UAH	5
A 001 998 30 40	Авторынок Барабашова К№7	in stock	145.00 UAH	10
2D0 411 111	Авторынок Барабашова К№7	in stock	820.00 UAH	1
SDSL0510	Авторынок Барабашова К№7	in stock	53.00 UAH	1
9450.23	Авторынок Барабашова К№7	in stock	262.00 UAH	1
SD29	Авторынок Барабашова К№7	in stock	212.00 UAH	37
SD65	Авторынок Барабашова К№7	in stock	213.00 UAH	40
VSB-069	Авторынок Барабашова К№7	in stock	197.00 UAH	1
SD27	Авторынок Барабашова К№7	in stock	204.00 UAH	9
A 631 262 00 74	Авторынок Барабашова К№7	in stock	163.00 UAH	3
A 000 743 00 15	Авторынок Барабашова К№7	in stock	595.00 UAH	10
108005	Авторынок Барабашова К№7	in stock	711.00 UAH	18
2150146	Авторынок Барабашова К№7	in stock	819.00 UAH	1
0 986 580 138	Авторынок Барабашова К№7	in stock	4296.00 UAH	2
14 075	Авторынок Барабашова К№7	in stock	1407.00 UAH	1
26.695.00	Авторынок Барабашова К№7	in stock	726.00 UAH	1
26.693.00	Авторынок Барабашова К№7	in stock	752.00 UAH	1
50013686	Авторынок Барабашова К№7	in stock	660.00 UAH	6
PF-1236	Авторынок Барабашова К№7	in stock	278.00 UAH	2
FE262D	Авторынок Барабашова К№7	in stock	478.00 UAH	54
KX80D OEKO	Авторынок Барабашова К№7	in stock	577.00 UAH	2
KL559	Авторынок Барабашова К№7	in stock	797.00 UAH	3
COF100151S	Авторынок Барабашова К№7	in stock	252.00 UAH	10
C488	Авторынок Барабашова К№7	in stock	872.00 UAH	3
KX217D	Авторынок Барабашова К№7	in stock	1090.00 UAH	44
FM630	Авторынок Барабашова К№7	in stock	521.00 UAH	56
KL195	Авторынок Барабашова К№7	in stock	1266.00 UAH	28
WK 842/20	Авторынок Барабашова К№7	in stock	1220.00 UAH	6
KL134	Авторынок Барабашова К№7	in stock	1087.00 UAH	15
FM9854	Авторынок Барабашова К№7	in stock	1419.00 UAH	44
KL176/6D	Авторынок Барабашова К№7	in stock	759.00 UAH	21
EP203	Авторынок Барабашова К№7	in stock	943.00 UAH	10
FM157/1D	Авторынок Барабашова К№7	in stock	309.00 UAH	28
09487	Авторынок Барабашова К№7	in stock	867.00 UAH	69
55403	Авторынок Барабашова К№7	in stock	770.00 UAH	3
E57003	Авторынок Барабашова К№7	in stock	450.00 UAH	1
Pasta 1.3kg	Авторынок Барабашова К№7	in stock	200.00 UAH	2
Pasta 4kg	Авторынок Барабашова К№7	in stock	550.00 UAH	6
83195A04C59	Авторынок Барабашова К№7	in stock	1591.00 UAH	32
314 5087	Авторынок Барабашова К№7	in stock	1614.00 UAH	21
09-0306	Авторынок Барабашова К№7	in stock	2993.00 UAH	6
314 5032	Авторынок Барабашова К№7	in stock	1343.00 UAH	5
114030	Авторынок Барабашова К№7	in stock	2326.00 UAH	24
51341	Авторынок Барабашова К№7	in stock	1106.00 UAH	1
02.400.69	Авторынок Барабашова К№7	in stock	738.00 UAH	1
112008	Авторынок Барабашова К№7	in stock	231.00 UAH	1
100 2040	Авторынок Барабашова К№7	in stock	299.00 UAH	15
100 5011	Авторынок Барабашова К№7	in stock	374.00 UAH	15
700 1113	Авторынок Барабашова К№7	in stock	1085.00 UAH	3
11121011	Авторынок Барабашова К№7	in stock	441.00 UAH	1
A 901 501 27 82	Авторынок Барабашова К№7	in stock	1300.00 UAH	1
1114309200	Авторынок Барабашова К№7	in stock	252.00 UAH	1
04-636	Авторынок Барабашова К№7	in stock	234.00 UAH	1
119 145 0001	Авторынок Барабашова К№7	in stock	1152.00 UAH	3
A 639 528 18 82	Авторынок Барабашова К№7	in stock	2340.00 UAH	1
04-626	Авторынок Барабашова К№7	in stock	777.00 UAH	2
100 5261	Авторынок Барабашова К№7	in stock	654.00 UAH	26
100 5267	Авторынок Барабашова К№7	in stock	826.00 UAH	13
114184	Авторынок Барабашова К№7	in stock	998.00 UAH	9
A 901 528 18 82	Авторынок Барабашова К№7	in stock	1820.00 UAH	2
114230	Авторынок Барабашова К№7	in stock	534.00 UAH	1
100 0970	Авторынок Барабашова К№7	in stock	593.00 UAH	4
A 638 528 26 82	Авторынок Барабашова К№7	in stock	1560.00 UAH	2
508 0339	Авторынок Барабашова К№7	in stock	750.00 UAH	5
314 5046	Авторынок Барабашова К№7	in stock	580.00 UAH	12
701 145 828 E	Авторынок Барабашова К№7	in stock	1964.00 UAH	1
100 5265	Авторынок Барабашова К№7	in stock	2245.00 UAH	11
100 5273	Авторынок Барабашова К№7	in stock	1020.00 UAH	16
400 538	Авторынок Барабашова К№7	in stock	1279.00 UAH	1
4056832	Авторынок Барабашова К№7	in stock	1495.00 UAH	64
K01W033AKN	Авторынок Барабашова К№7	in stock	770.00 UAH	13
SD23	Авторынок Барабашова К№7	in stock	206.00 UAH	8
FPKA0808	Авторынок Барабашова К№7	in stock	134.00 UAH	17
100 8603	Авторынок Барабашова К№7	in stock	70.00 UAH	108
100 7512	Авторынок Барабашова К№7	in stock	799.00 UAH	23
10 93 6476	Авторынок Барабашова К№7	in stock	966.00 UAH	4
33925 01	Авторынок Барабашова К№7	in stock	533.00 UAH	52
910059	Авторынок Барабашова К№7	in stock	782.00 UAH	31
910039	Авторынок Барабашова К№7	in stock	1069.00 UAH	24
G5W030PC	Авторынок Барабашова К№7	in stock	485.00 UAH	6
91106	Авторынок Барабашова К№7	in stock	296.00 UAH	10
30609	Авторынок Барабашова К№7	in stock	337.00 UAH	2
1143701110	Авторынок Барабашова К№7	in stock	649.00 UAH	5
13-0652	Авторынок Барабашова К№7	in stock	514.00 UAH	35
780394	Авторынок Барабашова К№7	in stock	395.00 UAH	2
14-0031	Авторынок Барабашова К№7	in stock	552.00 UAH	26
500067	Авторынок Барабашова К№7	in stock	272.00 UAH	2
100 3567	Авторынок Барабашова К№7	in stock	385.00 UAH	11
G5X001JC	Авторынок Барабашова К№7	in stock	156.00 UAH	2
B2356	Авторынок Барабашова К№7	in stock	281.00 UAH	7
55380	Авторынок Барабашова К№7	in stock	144.00 UAH	1
100 3566	Авторынок Барабашова К№7	in stock	398.00 UAH	21
BG0100	Авторынок Барабашова К№7	in stock	67.00 UAH	39
BC1403	Авторынок Барабашова К№7	in stock	133.00 UAH	6
304903	Авторынок Барабашова К№7	in stock	328.00 UAH	1
304905	Авторынок Барабашова К№7	in stock	478.00 UAH	1
38562	Авторынок Барабашова К№7	in stock	1152.00 UAH	7
014 620 0006	Авторынок Барабашова К№7	in stock	411.00 UAH	41
205105	Авторынок Барабашова К№7	in stock	247.00 UAH	31
02537	Авторынок Барабашова К№7	in stock	243.00 UAH	55
9006712	Авторынок Барабашова К№7	in stock	282.00 UAH	1
302.131	Авторынок Барабашова К№7	in stock	346.00 UAH	11
110 516	Авторынок Барабашова К№7	in stock	209.00 UAH	1
510046	Авторынок Барабашова К№7	in stock	282.00 UAH	2
30133 01	Авторынок Барабашова К№7	in stock	272.00 UAH	11
9064600069	Авторынок Барабашова К№7	in stock	175.00 UAH	1
37568 01	Авторынок Барабашова К№7	in stock	730.00 UAH	43
10355	Авторынок Барабашова К№7	in stock	816.00 UAH	6
PK071	Авторынок Барабашова К№7	in stock	761.00 UAH	5
G5W033PC	Авторынок Барабашова К№7	in stock	633.00 UAH	11
02599	Авторынок Барабашова К№7	in stock	284.00 UAH	13
755769	Авторынок Барабашова К№7	in stock	589.00 UAH	1
755104	Авторынок Барабашова К№7	in stock	537.00 UAH	1
C132604	Авторынок Барабашова К№7	in stock	377.00 UAH	1
BP 1940	Авторынок Барабашова К№7	in stock	235.00 UAH	2
D42344A	Авторынок Барабашова К№7	in stock	276.00 UAH	24
109-1657	Авторынок Барабашова К№7	in stock	202.00 UAH	47
420026	Авторынок Барабашова К№7	in stock	228.00 UAH	1
109-1283	Авторынок Барабашова К№7	in stock	224.00 UAH	25
109-1682	Авторынок Барабашова К№7	in stock	349.00 UAH	1
109-0987	Авторынок Барабашова К№7	in stock	377.00 UAH	18
109-1123	Авторынок Барабашова К№7	in stock	219.00 UAH	58
1190	Авторынок Барабашова К№7	in stock	238.00 UAH	4
100 4293	Авторынок Барабашова К№7	in stock	199.00 UAH	3
A 673 324 01 50	Авторынок Барабашова К№7	in stock	244.00 UAH	2
100 8238	Авторынок Барабашова К№7	in stock	205.00 UAH	21
4G8949102	Авторынок Барабашова К№7	in stock	1131.00 UAH	1
700 5197	Авторынок Барабашова К№7	in stock	1477.00 UAH	6
SX10111	Авторынок Барабашова К№7	in stock	935.00 UAH	55
SX3286	Авторынок Барабашова К№7	in stock	346.00 UAH	54
SX3285	Авторынок Барабашова К№7	in stock	314.00 UAH	55
SX2022M	Авторынок Барабашова К№7	in stock	264.00 UAH	35
SX2022MNB	Авторынок Барабашова К№7	in stock	233.00 UAH	2
SX4403M	Авторынок Барабашова К№7	in stock	353.00 UAH	55
SX1586M	Авторынок Барабашова К№7	in stock	276.00 UAH	54
SX492M	Авторынок Барабашова К№7	in stock	243.00 UAH	31
SX492MNB	Авторынок Барабашова К№7	in stock	233.00 UAH	8
SX935/3M	Авторынок Барабашова К№7	in stock	314.00 UAH	44
C24071	Авторынок Барабашова К№7	in stock	556.00 UAH	3
SX10838	Авторынок Барабашова К№7	in stock	556.00 UAH	25
SX10837	Авторынок Барабашова К№7	in stock	556.00 UAH	23
SX49057	Авторынок Барабашова К№7	in stock	301.00 UAH	55
SX1656MNB	Авторынок Барабашова К№7	in stock	247.00 UAH	2
SX4297MNB	Авторынок Барабашова К№7	in stock	265.00 UAH	6
SX1792	Авторынок Барабашова К№7	in stock	262.00 UAH	42
SX49340	Авторынок Барабашова К№7	in stock	325.00 UAH	6
2760.15	Авторынок Барабашова К№7	in stock	1424.00 UAH	1
53469	Авторынок Барабашова К№7	in stock	236.00 UAH	38
02.22.032	Авторынок Барабашова К№7	in stock	554.00 UAH	1
SM1715	Авторынок Барабашова К№7	in stock	1398.00 UAH	22
10021 01	Авторынок Барабашова К№7	in stock	692.00 UAH	21
20257	Авторынок Барабашова К№7	in stock	720.00 UAH	9
100 641 0004	Авторынок Барабашова К№7	in stock	609.00 UAH	36
51341	Авторынок Барабашова К№7	in stock	128.00 UAH	3
103 605 466	Авторынок Барабашова К№7	in stock	145.00 UAH	3
411 513 121	Авторынок Барабашова К№7	in stock	210.00 UAH	5
07C 103 226 A	Авторынок Барабашова К№7	in stock	200.00 UAH	70
06A 103 226	Авторынок Барабашова К№7	in stock	120.00 UAH	29
21652695	Авторынок Барабашова К№7	in stock	837.00 UAH	1
07625	Авторынок Барабашова К№7	in stock	304.00 UAH	1
2D0 511 413 D	Авторынок Барабашова К№7	in stock	526.00 UAH	6
01057	Авторынок Барабашова К№7	in stock	193.00 UAH	2
BC1363	Авторынок Барабашова К№7	in stock	223.00 UAH	6
51052	Авторынок Барабашова К№7	in stock	213.00 UAH	1
A 667 326 09 81	Авторынок Барабашова К№7	in stock	692.00 UAH	4
STR-120324	Авторынок Барабашова К№7	in stock	177.00 UAH	3
BC1359	Авторынок Барабашова К№7	in stock	179.00 UAH	1
A 668 326 01 81	Авторынок Барабашова К№7	in stock	676.00 UAH	4
A 667 326 01 81	Авторынок Барабашова К№7	in stock	320.00 UAH	4
51054	Авторынок Барабашова К№7	in stock	170.00 UAH	4
A 667 326 14 81	Авторынок Барабашова К№7	in stock	600.00 UAH	8
A 667 326 10 81	Авторынок Барабашова К№7	in stock	703.00 UAH	6
BC1361	Авторынок Барабашова К№7	in stock	197.00 UAH	3
A 667 326 06 81	Авторынок Барабашова К№7	in stock	462.00 UAH	3
STR-1203244	Авторынок Барабашова К№7	in stock	172.00 UAH	1
A 667 326 15 81	Авторынок Барабашова К№7	in stock	750.00 UAH	2
02567	Авторынок Барабашова К№7	in stock	164.00 UAH	38
2697.12	Авторынок Барабашова К№7	in stock	165.00 UAH	6
2D0 511 413 B	Авторынок Барабашова К№7	in stock	487.00 UAH	10
51047	Авторынок Барабашова К№7	in stock	258.00 UAH	6
01047	Авторынок Барабашова К№7	in stock	294.00 UAH	2
DK.9013260081	Авторынок Барабашова К№7	in stock	26.00 UAH	6
51006	Авторынок Барабашова К№7	in stock	155.00 UAH	1
BC1339	Авторынок Барабашова К№7	in stock	154.00 UAH	14
02.30.085	Авторынок Барабашова К№7	in stock	202.00 UAH	46
A 639 326 12 81	Авторынок Барабашова К№7	in stock	424.00 UAH	4
5110.03	Авторынок Барабашова К№7	in stock	162.00 UAH	2
01020	Авторынок Барабашова К№7	in stock	202.00 UAH	2
201024	Авторынок Барабашова К№7	in stock	166.00 UAH	24
2D0 511 413 A	Авторынок Барабашова К№7	in stock	242.00 UAH	6
11864	Авторынок Барабашова К№7	in stock	193.00 UAH	84
A 901 326 01 81	Авторынок Барабашова К№7	in stock	239.00 UAH	2
FE11864	Авторынок Барабашова К№7	in stock	166.00 UAH	2
18761	Авторынок Барабашова К№7	in stock	1223.00 UAH	1
26776	Авторынок Барабашова К№7	in stock	1627.00 UAH	43
30 13 0084	Авторынок Барабашова К№7	in stock	606.00 UAH	4
15932	Авторынок Барабашова К№7	in stock	647.00 UAH	17
A 000 094 08 85	Авторынок Барабашова К№7	in stock	200.00 UAH	3
3295	Авторынок Барабашова К№7	in stock	181.00 UAH	2
51026	Авторынок Барабашова К№7	in stock	171.00 UAH	2
011.009	Авторынок Барабашова К№7	in stock	238.00 UAH	2
01032	Авторынок Барабашова К№7	in stock	170.00 UAH	6
A 673 323 06 85	Авторынок Барабашова К№7	in stock	457.00 UAH	4
01028	Авторынок Барабашова К№7	in stock	219.00 UAH	2
51028	Авторынок Барабашова К№7	in stock	186.00 UAH	4
01031	Авторынок Барабашова К№7	in stock	213.00 UAH	10
01018	Авторынок Барабашова К№7	in stock	205.00 UAH	4
A 667 323 03 85	Авторынок Барабашова К№7	in stock	476.00 UAH	7
51065	Авторынок Барабашова К№7	in stock	161.00 UAH	1
BC1313	Авторынок Барабашова К№7	in stock	155.00 UAH	5
2E0 411 041 E	Авторынок Барабашова К№7	in stock	575.00 UAH	13
BG32319W	Авторынок Барабашова К№7	in stock	214.00 UAH	2
31354	Авторынок Барабашова К№7	in stock	210.00 UAH	77
108 121 755	Авторынок Барабашова К№7	in stock	122.00 UAH	1
BC0216	Авторынок Барабашова К№7	in stock	133.00 UAH	2
F8-5261	Авторынок Барабашова К№7	in stock	124.00 UAH	3
BC1328	Авторынок Барабашова К№7	in stock	125.00 UAH	11
9013230285	Авторынок Барабашова К№7	in stock	131.00 UAH	60
52710	Авторынок Барабашова К№7	in stock	152.00 UAH	2
10 91 8604	Авторынок Барабашова К№7	in stock	140.00 UAH	1
BC1343	Авторынок Барабашова К№7	in stock	131.00 UAH	6
108 742	Авторынок Барабашова К№7	in stock	123.00 UAH	6
18874	Авторынок Барабашова К№7	in stock	149.00 UAH	66
BC1414	Авторынок Барабашова К№7	in stock	267.00 UAH	5
BC1351	Авторынок Барабашова К№7	in stock	257.00 UAH	8
A 901 322 12 19	Авторынок Барабашова К№7	in stock	980.00 UAH	5
901 322 0419	Авторынок Барабашова К№7	in stock	240.00 UAH	1
A 901 322 21 19	Авторынок Барабашова К№7	in stock	503.00 UAH	30
A 901 322 22 19	Авторынок Барабашова К№7	in stock	552.00 UAH	60
602533	Авторынок Барабашова К№7	in stock	858.00 UAH	3
10301	Авторынок Барабашова К№7	in stock	659.00 UAH	1
32339	Авторынок Барабашова К№7	in stock	151.00 UAH	2
201091	Авторынок Барабашова К№7	in stock	266.00 UAH	29
51239	Авторынок Барабашова К№7	in stock	183.00 UAH	2
51050	Авторынок Барабашова К№7	in stock	166.00 UAH	6
2697.21	Авторынок Барабашова К№7	in stock	197.00 UAH	6
24725 01	Авторынок Барабашова К№7	in stock	224.00 UAH	1
100 715 0001	Авторынок Барабашова К№7	in stock	216.00 UAH	42
BC1323	Авторынок Барабашова К№7	in stock	139.00 UAH	2
01016	Авторынок Барабашова К№7	in stock	182.00 UAH	4
16612 01	Авторынок Барабашова К№7	in stock	434.00 UAH	1
103 349	Авторынок Барабашова К№7	in stock	134.00 UAH	2
3003500148	Авторынок Барабашова К№7	in stock	162.00 UAH	2
DK.9043230085	Авторынок Барабашова К№7	in stock	33.00 UAH	2
30 92 1940	Авторынок Барабашова К№7	in stock	162.00 UAH	11
6013210350	Авторынок Барабашова К№7	in stock	131.00 UAH	4
108 124	Авторынок Барабашова К№7	in stock	146.00 UAH	2
6202LLUCM/5K	Авторынок Барабашова К№7	in stock	225.00 UAH	30
180302	Авторынок Барабашова К№7	in stock	148.00 UAH	1
180303	Авторынок Барабашова К№7	in stock	158.00 UAH	1
60032RSC3	Авторынок Барабашова К№7	in stock	183.00 UAH	4
6005.2RSR	Авторынок Барабашова К№7	in stock	270.00 UAH	9
HR30206J	Авторынок Барабашова К№7	in stock	302.00 UAH	13
CX145	Авторынок Барабашова К№7	in stock	1052.00 UAH	1
5408	Авторынок Барабашова К№7	in stock	1174.00 UAH	1
R141.13	Авторынок Барабашова К№7	in stock	1302.00 UAH	41
SCB-8K0521101AA	Авторынок Барабашова К№7	in stock	1287.00 UAH	8
SCB-4B0521106D	Авторынок Барабашова К№7	in stock	1443.00 UAH	21
SCB-27473	Авторынок Барабашова К№7	in stock	463.00 UAH	4
SCB-32864	Авторынок Барабашова К№7	in stock	1348.00 UAH	14
SCB-96624771	Авторынок Барабашова К№7	in stock	1044.00 UAH	4
SCB-52123627AA	Авторынок Барабашова К№7	in stock	1470.00 UAH	9
SCB-TVB500390	Авторынок Барабашова К№7	in stock	1011.00 UAH	9
SCB-7T4Z4R602A	Авторынок Барабашова К№7	in stock	2099.00 UAH	11
SCB-3401A022	Авторынок Барабашова К№7	in stock	1238.00 UAH	17
SCB-176472	Авторынок Барабашова К№7	in stock	1213.00 UAH	11
SCB-370002820R	Авторынок Барабашова К№7	in stock	1188.00 UAH	13
SCB-27111FG020	Авторынок Барабашова К№7	in stock	2015.00 UAH	6
SCB-3710048030	Авторынок Барабашова К№7	in stock	839.00 UAH	9
SCB-31256270	Авторынок Барабашова К№7	in stock	1199.00 UAH	14
397743841R	Авторынок Барабашова К№7	in stock	3538.00 UAH	24
VKD 35038	Авторынок Барабашова К№7	in stock	793.00 UAH	51
VKHB 2321	Авторынок Барабашова К№7	in stock	2120.00 UAH	1
05577	Авторынок Барабашова К№7	in stock	720.00 UAH	27
4095	Авторынок Барабашова К№7	in stock	1327.00 UAH	1
7313	Авторынок Барабашова К№7	in stock	1171.00 UAH	1
440-1406N-UE-S	Авторынок Барабашова К№7	in stock	321.00 UAH	7
3 PK 1040	Авторынок Барабашова К№7	in stock	254.00 UAH	1
1 987 947 807	Авторынок Барабашова К№7	in stock	300.00 UAH	10
7PK1700	Авторынок Барабашова К№7	in stock	1326.00 UAH	4
4PK711VSF	Авторынок Барабашова К№7	in stock	618.00 UAH	28
P841	Авторынок Барабашова К№7	in stock	1699.00 UAH	26
85-4465	Авторынок Барабашова К№7	in stock	1560.00 UAH	1
M248	Авторынок Барабашова К№7	in stock	3403.00 UAH	9
P525301	Авторынок Барабашова К№7	in stock	349.00 UAH	34
100 4253	Авторынок Барабашова К№7	in stock	888.00 UAH	12
8774310010	Авторынок Барабашова К№7	in stock	2061.00 UAH	4
8774310700	Авторынок Барабашова К№7	in stock	1938.00 UAH	1
A 111 030 55 18 54	Авторынок Барабашова К№7	in stock	7325.00 UAH	1
8774000000	Авторынок Барабашова К№7	in stock	2500.00 UAH	2
87-117900-00	Авторынок Барабашова К№7	in stock	3096.00 UAH	10
042	Авторынок Барабашова К№7	in stock	381.00 UAH	14
RECO042	Авторынок Барабашова К№7	in stock	269.00 UAH	1
71446312	Авторынок Барабашова К№7	in stock	277.00 UAH	2
BEZPTP015	Авторынок Барабашова К№7	in stock	6.00 UAH	2
BEZPTP020	Авторынок Барабашова К№7	in stock	6.00 UAH	1
BEZPTP003	Авторынок Барабашова К№7	in stock	6.00 UAH	1
BEZPTP007,5	Авторынок Барабашова К№7	in stock	6.00 UAH	2
A 100 994 01 60	Авторынок Барабашова К№7	in stock	139.00 UAH	1
1J0 803 219	Авторынок Барабашова К№7	in stock	350.00 UAH	14
SD32	Авторынок Барабашова К№7	in stock	231.00 UAH	30
SD25	Авторынок Барабашова К№7	in stock	243.00 UAH	20
7110	Авторынок Барабашова К№7	in stock	714.00 UAH	27
101015	Авторынок Барабашова К№7	in stock	405.00 UAH	57
1200	Авторынок Барабашова К№7	in stock	226.00 UAH	1
DEC-300A	Авторынок Барабашова К№7	in stock	435.00 UAH	1
70-34218-00	Авторынок Барабашова К№7	in stock	180.00 UAH	2
389.430	Авторынок Барабашова К№7	in stock	2107.00 UAH	3
414869P	Авторынок Барабашова К№7	in stock	1024.00 UAH	2
414141P	Авторынок Барабашова К№7	in stock	1502.00 UAH	4
914.848	Авторынок Барабашова К№7	in stock	1288.00 UAH	16
19422	Авторынок Барабашова К№7	in stock	30.00 UAH	35
11950	Авторынок Барабашова К№7	in stock	243.00 UAH	19
642 230 00 65	Авторынок Барабашова К№7	in stock	700.00 UAH	1
703.613	Авторынок Барабашова К№7	in stock	232.00 UAH	39
461.873	Авторынок Барабашова К№7	in stock	150.00 UAH	46
EL461873	Авторынок Барабашова К№7	in stock	142.00 UAH	1
515.434	Авторынок Барабашова К№7	in stock	205.00 UAH	71
70-27898-20	Авторынок Барабашова К№7	in stock	145.00 UAH	12
13077700	Авторынок Барабашова К№7	in stock	220.00 UAH	3
540.792	Авторынок Барабашова К№7	in stock	258.00 UAH	83
A 271 141 10 80	Авторынок Барабашова К№7	in stock	187.00 UAH	3
71-36079-00	Авторынок Барабашова К№7	in stock	282.00 UAH	11
13083000	Авторынок Барабашова К№7	in stock	521.00 UAH	5
913.954	Авторынок Барабашова К№7	in stock	416.00 UAH	24
110-934	Авторынок Барабашова К№7	in stock	175.00 UAH	33
110-953	Авторынок Барабашова К№7	in stock	168.00 UAH	31
3002854500	Авторынок Барабашова К№7	in stock	864.00 UAH	1
61-29245-30	Авторынок Барабашова К№7	in stock	1313.00 UAH	6
CH4387	Авторынок Барабашова К№7	in stock	412.00 UAH	2
235.381	Авторынок Барабашова К№7	in stock	1740.00 UAH	49
30-028686-00	Авторынок Барабашова К№7	in stock	767.00 UAH	1
4021.1003020-01	Авторынок Барабашова К№7	in stock	224.00 UAH	2
101398	Авторынок Барабашова К№7	in stock	338.00 UAH	13
006339H	Авторынок Барабашова К№7	in stock	26.00 UAH	97
15845-R70-A01	Авторынок Барабашова К№7	in stock	320.00 UAH	7
15815-R70-A01	Авторынок Барабашова К№7	in stock	350.00 UAH	7
RC9306	Авторынок Барабашова К№7	in stock	418.00 UAH	1
RC6322	Авторынок Барабашова К№7	in stock	153.00 UAH	1
EL330370	Авторынок Барабашова К№7	in stock	685.00 UAH	1
96353002	Авторынок Барабашова К№7	in stock	500.00 UAH	21
PG6-0110	Авторынок Барабашова К№7	in stock	308.00 UAH	2
026144P	Авторынок Барабашова К№7	in stock	386.00 UAH	5
02.16.056	Авторынок Барабашова К№7	in stock	314.00 UAH	20
71-31957-00	Авторынок Барабашова К№7	in stock	301.00 UAH	26
13077600	Авторынок Барабашова К№7	in stock	230.00 UAH	13
433.113	Авторынок Барабашова К№7	in stock	459.00 UAH	45
71-36074-00	Авторынок Барабашова К№7	in stock	393.00 UAH	9
016.981	Авторынок Барабашова К№7	in stock	289.00 UAH	65
642 180 14 10	Авторынок Барабашова К№7	in stock	750.00 UAH	2
RWS1624	Авторынок Барабашова К№7	in stock	150.00 UAH	22
71-42374-00	Авторынок Барабашова К№7	in stock	736.00 UAH	6
KM0400213RU	Авторынок Барабашова К№7	in stock	220.00 UAH	1
55354237	Авторынок Барабашова К№7	in stock	645.00 UAH	8
113022-8000	Авторынок Барабашова К№7	in stock	290.00 UAH	2
486.770	Авторынок Барабашова К№7	in stock	231.00 UAH	26
100 0104	Авторынок Барабашова К№7	in stock	149.00 UAH	16
70-31979-00	Авторынок Барабашова К№7	in stock	450.00 UAH	7
633.540	Авторынок Барабашова К№7	in stock	200.00 UAH	87
131.090	Авторынок Барабашова К№7	in stock	173.00 UAH	73
70-38934-00	Авторынок Барабашова К№7	in stock	363.00 UAH	1
F 002 A11 261	Авторынок Барабашова К№7	in stock	138.00 UAH	2
ENT250155	Авторынок Барабашова К№7	in stock	153.00 UAH	1
2 430 105 049	Авторынок Барабашова К№7	in stock	145.00 UAH	5
71-26572-10	Авторынок Барабашова К№7	in stock	400.00 UAH	1
921.386	Авторынок Барабашова К№7	in stock	245.00 UAH	5
08717	Авторынок Барабашова К№7	in stock	242.00 UAH	18
365.360	Авторынок Барабашова К№7	in stock	223.00 UAH	64
768.961	Авторынок Барабашова К№7	in stock	189.00 UAH	16
100 0191	Авторынок Барабашова К№7	in stock	169.00 UAH	11
0219-01-0026P	Авторынок Барабашова К№7	in stock	145.00 UAH	3
02.10.061	Авторынок Барабашова К№7	in stock	380.00 UAH	3
B005000101	Авторынок Барабашова К№7	in stock	420.00 UAH	24
1S7Z6A642AAA	Авторынок Барабашова К№7	in stock	300.00 UAH	18
10260	Авторынок Барабашова К№7	in stock	135.00 UAH	39
763.457	Авторынок Барабашова К№7	in stock	142.00 UAH	53
100 2039	Авторынок Барабашова К№7	in stock	153.00 UAH	14
8200029741	Авторынок Барабашова К№7	in stock	450.00 UAH	32
110-938	Авторынок Барабашова К№7	in stock	175.00 UAH	56
JTC11598	Авторынок Барабашова К№7	in stock	788.00 UAH	12
413-515	Авторынок Барабашова К№7	in stock	194.00 UAH	19
150.970	Авторынок Барабашова К№7	in stock	187.00 UAH	45
100 0772	Авторынок Барабашова К№7	in stock	30.00 UAH	45
N91084501	Авторынок Барабашова К№7	in stock	311.00 UAH	102
1 280 210 752	Авторынок Барабашова К№7	in stock	137.00 UAH	28
1 460 210 321	Авторынок Барабашова К№7	in stock	156.00 UAH	51
355.340	Авторынок Барабашова К№7	in stock	381.00 UAH	73
A 272 184 00 80 K	Авторынок Барабашова К№7	in stock	700.00 UAH	1
55565385	Авторынок Барабашова К№7	in stock	600.00 UAH	15
68148362AA	Авторынок Барабашова К№7	in stock	1500.00 UAH	1
883.670	Авторынок Барабашова К№7	in stock	346.00 UAH	80
SD10	Авторынок Барабашова К№7	in stock	184.00 UAH	29
BG2210	Авторынок Барабашова К№7	in stock	211.00 UAH	26
1T0 941 700	Авторынок Барабашова К№7	in stock	1359.00 UAH	1
4095834	Авторынок Барабашова К№7	in stock	1239.00 UAH	44
SR193TP	Авторынок Барабашова К№7	in stock	777.00 UAH	2
109-1687	Авторынок Барабашова К№7	in stock	363.00 UAH	26
A 000 421 73 91	Авторынок Барабашова К№7	in stock	1124.00 UAH	4
6017	Авторынок Барабашова К№7	in stock	118.00 UAH	4
02501	Авторынок Барабашова К№7	in stock	136.00 UAH	6
701 867 299 Y20	Авторынок Барабашова К№7	in stock	125.00 UAH	2
701 867 299 9UW	Авторынок Барабашова К№7	in stock	124.00 UAH	1
7E0 843 514	Авторынок Барабашова К№7	in stock	149.00 UAH	119
2D1 853 575	Авторынок Барабашова К№7	in stock	135.00 UAH	2
261003	Авторынок Барабашова К№7	in stock	4368.00 UAH	42
306HNF100	Авторынок Барабашова К№7	in stock	1389.00 UAH	2
100 6977	Авторынок Барабашова К№7	in stock	1414.00 UAH	6
100 6978	Авторынок Барабашова К№7	in stock	1390.00 UAH	19
31 253 006	Авторынок Барабашова К№7	in stock	300.00 UAH	2
72345	Авторынок Барабашова К№7	in stock	476.00 UAH	28
301013	Авторынок Барабашова К№7	in stock	204.00 UAH	1
925103F000	Авторынок Барабашова К№7	in stock	450.00 UAH	5
2D1 827 111	Авторынок Барабашова К№7	in stock	486.00 UAH	1
100 3172	Авторынок Барабашова К№7	in stock	899.00 UAH	18
214031	Авторынок Барабашова К№7	in stock	508.00 UAH	23
DK6303	Авторынок Барабашова К№7	in stock	146.00 UAH	1
6201DDUCM	Авторынок Барабашова К№7	in stock	173.00 UAH	1
6201-C-2Z C3	Авторынок Барабашова К№7	in stock	177.00 UAH	1
6204 2RSCM	Авторынок Барабашова К№7	in stock	209.00 UAH	4
6302LLUCM/5K	Авторынок Барабашова К№7	in stock	276.00 UAH	5
23411-11	Авторынок Барабашова К№7	in stock	230.00 UAH	1
6003.2RSR.C3	Авторынок Барабашова К№7	in stock	229.00 UAH	1
6201-C-2HRS	Авторынок Барабашова К№7	in stock	197.00 UAH	2
6202-2RSH/C3	Авторынок Барабашова К№7	in stock	251.00 UAH	47
410 0117 10	Авторынок Барабашова К№7	in stock	671.00 UAH	39
2447/MG	Авторынок Барабашова К№7	in stock	800.00 UAH	1
5720	Авторынок Барабашова К№7	in stock	1820.00 UAH	2
5450	Авторынок Барабашова К№7	in stock	690.00 UAH	1
5444	Авторынок Барабашова К№7	in stock	2626.00 UAH	1
014 750 0002	Авторынок Барабашова К№7	in stock	1741.00 UAH	8
SH157.12K	Авторынок Барабашова К№7	in stock	333.00 UAH	8
SH154.50	Авторынок Барабашова К№7	in stock	256.00 UAH	34
SH151.62	Авторынок Барабашова К№7	in stock	832.00 UAH	59
SH184.52	Авторынок Барабашова К№7	in stock	268.00 UAH	6
SH140.85	Авторынок Барабашова К№7	in stock	725.00 UAH	24
SH184.58	Авторынок Барабашова К№7	in stock	605.00 UAH	6
SH154.46	Авторынок Барабашова К№7	in stock	775.00 UAH	10
SH154.46K	Авторынок Барабашова К№7	in stock	928.00 UAH	2
SH154.47K	Авторынок Барабашова К№7	in stock	785.00 UAH	4
SH168.66	Авторынок Барабашова К№7	in stock	762.00 UAH	4
SH153.37	Авторынок Барабашова К№7	in stock	523.00 UAH	37
SH153.60	Авторынок Барабашова К№7	in stock	525.00 UAH	28
SH159.48	Авторынок Барабашова К№7	in stock	606.00 UAH	3
SH155.114	Авторынок Барабашова К№7	in stock	737.00 UAH	56
SH141.47	Авторынок Барабашова К№7	in stock	843.00 UAH	3
SH181.10	Авторынок Барабашова К№7	in stock	705.00 UAH	8
SH90366-T0044	Авторынок Барабашова К№7	in stock	946.00 UAH	3
SH154.13	Авторынок Барабашова К№7	in stock	253.00 UAH	8
510 0097 10	Авторынок Барабашова К№7	in stock	2458.00 UAH	18
33108	Авторынок Барабашова К№7	in stock	1213.00 UAH	2
713 6102 30	Авторынок Барабашова К№7	in stock	540.00 UAH	90
CX177	Авторынок Барабашова К№7	in stock	848.00 UAH	2
713 6332 50	Авторынок Барабашова К№7	in stock	4903.00 UAH	3
51745702	Авторынок Барабашова К№7	in stock	2000.00 UAH	1
5722	Авторынок Барабашова К№7	in stock	1188.00 UAH	1
RC63014	Авторынок Барабашова К№7	in stock	228.00 UAH	42
SH154.10	Авторынок Барабашова К№7	in stock	1207.00 UAH	4
713 6680 50	Авторынок Барабашова К№7	in stock	8504.00 UAH	1
SH153.70	Авторынок Барабашова К№7	in stock	722.00 UAH	24
SH153.14	Авторынок Барабашова К№7	in stock	324.00 UAH	6
SH158.44	Авторынок Барабашова К№7	in stock	680.00 UAH	14
SH158.54	Авторынок Барабашова К№7	in stock	690.00 UAH	5
SH141.45K	Авторынок Барабашова К№7	in stock	1243.00 UAH	7
SH140.38	Авторынок Барабашова К№7	in stock	1058.00 UAH	14
SH141.08	Авторынок Барабашова К№7	in stock	1367.00 UAH	4
SH141.08K	Авторынок Барабашова К№7	in stock	1563.00 UAH	4
SH174.97	Авторынок Барабашова К№7	in stock	1178.00 UAH	3
SH174.40	Авторынок Барабашова К№7	in stock	665.00 UAH	18
SH174.45	Авторынок Барабашова К№7	in stock	1067.00 UAH	7
SH174.90	Авторынок Барабашова К№7	in stock	859.00 UAH	5
SH174.89	Авторынок Барабашова К№7	in stock	985.00 UAH	30
SH174.14	Авторынок Барабашова К№7	in stock	547.00 UAH	2
SH174.42	Авторынок Барабашова К№7	in stock	683.00 UAH	15
SH174.68	Авторынок Барабашова К№7	in stock	635.00 UAH	4
SH184.26	Авторынок Барабашова К№7	in stock	581.00 UAH	4
SH184.13	Авторынок Барабашова К№7	in stock	474.00 UAH	2
SH189.11	Авторынок Барабашова К№7	in stock	506.00 UAH	60
SH184.12	Авторынок Барабашова К№7	in stock	542.00 UAH	57
SH189.24	Авторынок Барабашова К№7	in stock	522.00 UAH	55
SH151.58	Авторынок Барабашова К№7	in stock	832.00 UAH	56
SH173.14	Авторынок Барабашова К№7	in stock	735.00 UAH	6
SH173.22	Авторынок Барабашова К№7	in stock	517.00 UAH	23
SH170.39	Авторынок Барабашова К№7	in stock	671.00 UAH	1
SH168.23	Авторынок Барабашова К№7	in stock	623.00 UAH	2
SH153.25	Авторынок Барабашова К№7	in stock	466.00 UAH	6
SH153.39	Авторынок Барабашова К№7	in stock	466.00 UAH	9
SH159.44	Авторынок Барабашова К№7	in stock	635.00 UAH	1
SH155.44	Авторынок Барабашова К№7	in stock	736.00 UAH	18
SH155.80	Авторынок Барабашова К№7	in stock	638.00 UAH	15
SH182.60	Авторынок Барабашова К№7	in stock	507.00 UAH	6
SH181.09	Авторынок Барабашова К№7	in stock	610.00 UAH	8
SH169.29	Авторынок Барабашова К№7	in stock	514.00 UAH	3
SH169.75	Авторынок Барабашова К№7	in stock	660.00 UAH	4
100 4120	Авторынок Барабашова К№7	in stock	1680.00 UAH	24
A 639 410 04 81	Авторынок Барабашова К№7	in stock	3600.00 UAH	2
SCB-001	Авторынок Барабашова К№7	in stock	1050.00 UAH	38
SCB-103	Авторынок Барабашова К№7	in stock	826.00 UAH	9
SCB-40520-S10-003	Авторынок Барабашова К№7	in stock	1035.00 UAH	14
SCB-9984261	Авторынок Барабашова К№7	in stock	871.00 UAH	4
SCB-P52123612AE	Авторынок Барабашова К№7	in stock	1835.00 UAH	10
SCB-131	Авторынок Барабашова К№7	in stock	924.00 UAH	17
SCB-004	Авторынок Барабашова К№7	in stock	939.00 UAH	9
A 670 411 01 12	Авторынок Барабашова К№7	in stock	3600.00 UAH	3
SCB-003	Авторынок Барабашова К№7	in stock	1467.00 UAH	12
SCB-4604100022	Авторынок Барабашова К№7	in stock	1356.00 UAH	11
SCB-37230-20130	Авторынок Барабашова К№7	in stock	1144.00 UAH	11
SCB-37100-42090	Авторынок Барабашова К№7	in stock	1139.00 UAH	15
SCB-7L0521102D	Авторынок Барабашова К№7	in stock	1079.00 UAH	23
SCB-02G409335A	Авторынок Барабашова К№7	in stock	711.00 UAH	7
502 0511	Авторынок Барабашова К№7	in stock	1029.00 UAH	21
893407625	Авторынок Барабашова К№7	in stock	995.00 UAH	1
713 6789 10	Авторынок Барабашова К№7	in stock	2608.00 UAH	9
713 678 090	Авторынок Барабашова К№7	in stock	1603.00 UAH	2
R141.08	Авторынок Барабашова К№7	in stock	5012.00 UAH	1
R151.07	Авторынок Барабашова К№7	in stock	1515.00 UAH	13
SH153.20K	Авторынок Барабашова К№7	in stock	632.00 UAH	2
SH170.49K	Авторынок Барабашова К№7	in stock	763.00 UAH	1
SD55	Авторынок Барабашова К№7	in stock	221.00 UAH	8
8822006	Авторынок Барабашова К№7	in stock	258.00 UAH	1
8MK 376 719-061	Авторынок Барабашова К№7	in stock	3600.00 UAH	1
63613	Авторынок Барабашова К№7	in stock	3522.00 UAH	1
D6M003TT	Авторынок Барабашова К№7	in stock	816.00 UAH	1
72038	Авторынок Барабашова К№7	in stock	1088.00 UAH	1
35811	Авторынок Барабашова К№7	in stock	3502.00 UAH	12
TSP0225125	Авторынок Барабашова К№7	in stock	2963.00 UAH	1
72041	Авторынок Барабашова К№7	in stock	2731.00 UAH	5
94053	Авторынок Барабашова К№7	in stock	3600.00 UAH	1
53508	Авторынок Барабашова К№7	in stock	3295.00 UAH	2
54339	Авторынок Барабашова К№7	in stock	2607.00 UAH	4
8342	Авторынок Барабашова К№7	in stock	1493.00 UAH	1
73979	Авторынок Барабашова К№7	in stock	2416.00 UAH	9
Frame America	Авторынок Барабашова К№7	in stock	150.00 UAH	4
Frame for number	Авторынок Барабашова К№7	in stock	100.00 UAH	41
N  90338702	Авторынок Барабашова К№7	in stock	131.00 UAH	31
A 001 017 91 52	Авторынок Барабашова К№7	in stock	218.00 UAH	1
215702	Авторынок Барабашова К№7	in stock	5470.00 UAH	1
7.07759.25.0	Авторынок Барабашова К№7	in stock	3868.00 UAH	21
491 192	Авторынок Барабашова К№7	in stock	1770.00 UAH	1
30025	Авторынок Барабашова К№7	in stock	2547.00 UAH	1
KLKH24	Авторынок Барабашова К№7	in stock	1700.00 UAH	1
215845	Авторынок Барабашова К№7	in stock	1051.00 UAH	1
1 986 AE0 128	Авторынок Барабашова К№7	in stock	1070.00 UAH	12
130528	Авторынок Барабашова К№7	in stock	438.00 UAH	1
215284	Авторынок Барабашова К№7	in stock	502.00 UAH	4
SPC-KNJ146	Авторынок Барабашова К№7	in stock	737.00 UAH	5
139044	Авторынок Барабашова К№7	in stock	870.00 UAH	2
233729	Авторынок Барабашова К№7	in stock	1025.00 UAH	1
130716	Авторынок Барабашова К№7	in stock	1950.00 UAH	1
143-913	Авторынок Барабашова К№7	in stock	174.00 UAH	52
100 2918	Авторынок Барабашова К№7	in stock	93.00 UAH	1
011.103	Авторынок Барабашова К№7	in stock	184.00 UAH	1
A 201 325 11 44	Авторынок Барабашова К№7	in stock	345.00 UAH	1
100 8213	Авторынок Барабашова К№7	in stock	606.00 UAH	12
99061545701	Авторынок Барабашова К№7	in stock	210.00 UAH	6
132977	Авторынок Барабашова К№7	in stock	799.00 UAH	5
1 986 AE0 113	Авторынок Барабашова К№7	in stock	1327.00 UAH	8
100 0387	Авторынок Барабашова К№7	in stock	417.00 UAH	21
661156	Авторынок Барабашова К№7	in stock	591.00 UAH	1
58110	Авторынок Барабашова К№7	in stock	410.00 UAH	25
J5725001	Авторынок Барабашова К№7	in stock	963.00 UAH	2
0608-02-0002P	Авторынок Барабашова К№7	in stock	402.00 UAH	1
75613187	Авторынок Барабашова К№7	in stock	208.00 UAH	1
94970	Авторынок Барабашова К№7	in stock	1695.00 UAH	6
VKMT 95613	Авторынок Барабашова К№7	in stock	1052.00 UAH	1
E37010	Авторынок Барабашова К№7	in stock	1300.00 UAH	1
CT 1120	Авторынок Барабашова К№7	in stock	837.00 UAH	4
8 PK 2085	Авторынок Барабашова К№7	in stock	1104.00 UAH	2
E010X710JC	Авторынок Барабашова К№7	in stock	154.00 UAH	2
1 987 948 818	Авторынок Барабашова К№7	in stock	450.00 UAH	4
CT 645	Авторынок Барабашова К№7	in stock	692.00 UAH	1
D4-381	Авторынок Барабашова К№7	in stock	233.00 UAH	18
06H998907B	Авторынок Барабашова К№7	in stock	200.00 UAH	7
ENT200003	Авторынок Барабашова К№7	in stock	373.00 UAH	8
FT17026	Авторынок Барабашова К№7	in stock	1156.00 UAH	16
30313	Авторынок Барабашова К№7	in stock	401.00 UAH	47
1159920110 KIT	Авторынок Барабашова К№7	in stock	200.00 UAH	1
11667791232	Авторынок Барабашова К№7	in stock	600.00 UAH	5
D3-168	Авторынок Барабашова К№7	in stock	192.00 UAH	1
D3-226	Авторынок Барабашова К№7	in stock	197.00 UAH	1
D3-224	Авторынок Барабашова К№7	in stock	228.00 UAH	3
400519	Авторынок Барабашова К№7	in stock	225.00 UAH	14
8837012	Авторынок Барабашова К№7	in stock	200.00 UAH	2
D4-1083C	Авторынок Барабашова К№7	in stock	811.00 UAH	19
D4-023	Авторынок Барабашова К№7	in stock	404.00 UAH	2
D4-759	Авторынок Барабашова К№7	in stock	231.00 UAH	9
D4-059	Авторынок Барабашова К№7	in stock	240.00 UAH	11
245023-MSG	Авторынок Барабашова К№7	in stock	227.00 UAH	2
A 000 420 12 82	Авторынок Барабашова К№7	in stock	4659.00 UAH	1
D4-045	Авторынок Барабашова К№7	in stock	347.00 UAH	4
D4-2728	Авторынок Барабашова К№7	in stock	248.00 UAH	2
D4-1348	Авторынок Барабашова К№7	in stock	253.00 UAH	16
D4-377	Авторынок Барабашова К№7	in stock	352.00 UAH	18
D4-367	Авторынок Барабашова К№7	in stock	309.00 UAH	2
D4-669	Авторынок Барабашова К№7	in stock	266.00 UAH	17
8825005	Авторынок Барабашова К№7	in stock	250.00 UAH	1
D1-093	Авторынок Барабашова К№7	in stock	334.00 UAH	3
D1-649	Авторынок Барабашова К№7	in stock	226.00 UAH	2
D1-839	Авторынок Барабашова К№7	in stock	249.00 UAH	11
RK19785	Авторынок Барабашова К№7	in stock	1293.00 UAH	2
D1-436	Авторынок Барабашова К№7	in stock	340.00 UAH	7
D1-840	Авторынок Барабашова К№7	in stock	176.00 UAH	5
D3-194	Авторынок Барабашова К№7	in stock	192.00 UAH	1
D1-152	Авторынок Барабашова К№7	in stock	274.00 UAH	1
125035	Авторынок Барабашова К№7	in stock	456.00 UAH	1
401396	Авторынок Барабашова К№7	in stock	889.00 UAH	8
113-1385	Авторынок Барабашова К№7	in stock	231.00 UAH	30
105-0714	Авторынок Барабашова К№7	in stock	612.00 UAH	15
KL038103475N	Авторынок Барабашова К№7	in stock	900.00 UAH	1
0755	Авторынок Барабашова К№7	in stock	259.00 UAH	1
105-0774	Авторынок Барабашова К№7	in stock	242.00 UAH	41
A66RK017	Авторынок Барабашова К№7	in stock	2839.00 UAH	1
6Q0711699	Авторынок Барабашова К№7	in stock	400.00 UAH	6
701711166RK	Авторынок Барабашова К№7	in stock	350.00 UAH	7
113-1464X	Авторынок Барабашова К№7	in stock	349.00 UAH	73
113-1381X	Авторынок Барабашова К№7	in stock	406.00 UAH	44
113-1371	Авторынок Барабашова К№7	in stock	210.00 UAH	17
808018	Авторынок Барабашова К№7	in stock	407.00 UAH	71
D4-766	Авторынок Барабашова К№7	in stock	372.00 UAH	14
D4-1352	Авторынок Барабашова К№7	in stock	405.00 UAH	23
D4-844	Авторынок Барабашова К№7	in stock	361.00 UAH	20
100 9702	Авторынок Барабашова К№7	in stock	772.00 UAH	21
D3-111	Авторынок Барабашова К№7	in stock	243.00 UAH	6
113-1361X	Авторынок Барабашова К№7	in stock	306.00 UAH	70
A 000 420 04 82	Авторынок Барабашова К№7	in stock	2050.00 UAH	1
114-5095	Авторынок Барабашова К№7	in stock	623.00 UAH	30
400006	Авторынок Барабашова К№7	in stock	250.00 UAH	4
254982	Авторынок Барабашова К№7	in stock	717.00 UAH	43
260068	Авторынок Барабашова К№7	in stock	278.00 UAH	39
254012	Авторынок Барабашова К№7	in stock	225.00 UAH	24
400142	Авторынок Барабашова К№7	in stock	273.00 UAH	10
260905	Авторынок Барабашова К№7	in stock	1074.00 UAH	47
261003	Авторынок Барабашова К№7	in stock	223.00 UAH	1
401027	Авторынок Барабашова К№7	in stock	395.00 UAH	1
245016	Авторынок Барабашова К№7	in stock	368.00 UAH	58
244014	Авторынок Барабашова К№7	in stock	311.00 UAH	45
245914	Авторынок Барабашова К№7	in stock	1089.00 UAH	45
D4-090	Авторынок Барабашова К№7	in stock	270.00 UAH	10
236927	Авторынок Барабашова К№7	in stock	1203.00 UAH	11
400464	Авторынок Барабашова К№7	in stock	250.00 UAH	7
252903	Авторынок Барабашова К№7	in stock	877.00 UAH	40
246003	Авторынок Барабашова К№7	in stock	228.00 UAH	32
D41951C	Авторынок Барабашова К№7	in stock	793.00 UAH	11
402076	Авторынок Барабашова К№7	in stock	443.00 UAH	11
RKS8833018	Авторынок Барабашова К№7	in stock	253.00 UAH	2
114-0005	Авторынок Барабашова К№7	in stock	269.00 UAH	45
401877	Авторынок Барабашова К№7	in stock	311.00 UAH	8
240037	Авторынок Барабашова К№7	in stock	228.00 UAH	4
260038	Авторынок Барабашова К№7	in stock	368.00 UAH	54
D4-193	Авторынок Барабашова К№7	in stock	273.00 UAH	19
400858	Авторынок Барабашова К№7	in stock	450.00 UAH	9
401045	Авторынок Барабашова К№7	in stock	268.00 UAH	16
II 370760065	Авторынок Барабашова К№7	in stock	1331.00 UAH	1
238022	Авторынок Барабашова К№7	in stock	337.00 UAH	92
D3-587	Авторынок Барабашова К№7	in stock	191.00 UAH	2
D3-256	Авторынок Барабашова К№7	in stock	239.00 UAH	1
D4-273	Авторынок Барабашова К№7	in stock	252.00 UAH	5
D3-016	Авторынок Барабашова К№7	in stock	189.00 UAH	1
D3-054	Авторынок Барабашова К№7	in stock	205.00 UAH	2
038145209A R/K	Авторынок Барабашова К№7	in stock	1300.00 UAH	2
03C198149	Авторынок Барабашова К№7	in stock	650.00 UAH	18
1 417 010 997	Авторынок Барабашова К№7	in stock	514.00 UAH	103
PPB02	Авторынок Барабашова К№7	in stock	815.00 UAH	4
8833022	Авторынок Барабашова К№7	in stock	478.00 UAH	1
200485	Авторынок Барабашова К№7	in stock	254.00 UAH	3
122004	Авторынок Барабашова К№7	in stock	311.00 UAH	2
122006	Авторынок Барабашова К№7	in stock	561.00 UAH	2
8833031	Авторынок Барабашова К№7	in stock	739.00 UAH	1
04295	Авторынок Барабашова К№7	in stock	1300.00 UAH	1
400668	Авторынок Барабашова К№7	in stock	402.00 UAH	16
401158	Авторынок Барабашова К№7	in stock	313.00 UAH	7
113-1302X	Авторынок Барабашова К№7	in stock	258.00 UAH	77
1 987 947 782	Авторынок Барабашова К№7	in stock	245.00 UAH	8
1 987 946 064	Авторынок Барабашова К№7	in stock	599.00 UAH	9
6 PK 1710	Авторынок Барабашова К№7	in stock	581.00 UAH	2
1 987 947 397	Авторынок Барабашова К№7	in stock	513.00 UAH	1
1 987 948 495	Авторынок Барабашова К№7	in stock	492.00 UAH	5
1 987 947 832	Авторынок Барабашова К№7	in stock	541.00 UAH	22
6 PK 2280	Авторынок Барабашова К№7	in stock	1201.00 UAH	17
8 PK 2077	Авторынок Барабашова К№7	in stock	1232.00 UAH	1
6PK2160	Авторынок Барабашова К№7	in stock	715.00 UAH	18
4PK865SF	Авторынок Барабашова К№7	in stock	348.00 UAH	9
1 987 946 041	Авторынок Барабашова К№7	in stock	662.00 UAH	10
6 PK 783	Авторынок Барабашова К№7	in stock	375.00 UAH	1
6 PK 783	Авторынок Барабашова К№7	in stock	260.00 UAH	1
1 987 946 275	Авторынок Барабашова К№7	in stock	726.00 UAH	14
1 987 948 486	Авторынок Барабашова К№7	in stock	353.00 UAH	17
11A0528C	Авторынок Барабашова К№7	in stock	248.00 UAH	19
6 PK 1015	Авторынок Барабашова К№7	in stock	388.00 UAH	1
4.81015	Авторынок Барабашова К№7	in stock	359.00 UAH	1
6 PK 2196	Авторынок Барабашова К№7	in stock	919.00 UAH	1
6 PK 2280	Авторынок Барабашова К№7	in stock	394.00 UAH	1
BMT9063200206-03	Авторынок Барабашова К№7	in stock	1544.00 UAH	1
337210-02	Авторынок Барабашова К№7	in stock	2490.00 UAH	10
BMT9063200406-02	Авторынок Барабашова К№7	in stock	1376.00 UAH	1
3154700019 Z/T	Авторынок Барабашова К№7	in stock	6633.00 UAH	1
338220-00	Авторынок Барабашова К№7	in stock	7833.00 UAH	1
A 901 880 00 85	Авторынок Барабашова К№7	in stock	3185.00 UAH	1
1J0 973 702	Авторынок Барабашова К№7	in stock	150.00 UAH	9
SD26	Авторынок Барабашова К№7	in stock	163.00 UAH	33
5ND 955 979	Авторынок Барабашова К№7	in stock	1550.00 UAH	1
5ND 955 978	Авторынок Барабашова К№7	in stock	1000.00 UAH	1
39 305 177	Авторынок Барабашова К№7	in stock	761.00 UAH	3
0 433 271 404	Авторынок Барабашова К№7	in stock	1109.00 UAH	26
0 433 271 466	Авторынок Барабашова К№7	in stock	988.00 UAH	12
GT373.21	Авторынок Барабашова К№7	in stock	902.00 UAH	7
531 0339 10	Авторынок Барабашова К№7	in stock	1240.00 UAH	14
532 0161 10	Авторынок Барабашова К№7	in stock	485.00 UAH	43
531 0825 10	Авторынок Барабашова К№7	in stock	1750.00 UAH	30
GE357.14	Авторынок Барабашова К№7	in stock	542.00 UAH	12
532 0111 10	Авторынок Барабашова К№7	in stock	1202.00 UAH	26
531 0276 30	Авторынок Барабашова К№7	in stock	1895.00 UAH	58
GT365.05	Авторынок Барабашова К№7	in stock	1185.00 UAH	3
VKM 11073	Авторынок Барабашова К№7	in stock	1422.00 UAH	1
6003-00-0194P	Авторынок Барабашова К№7	in stock	1088.00 UAH	1
MV NA 01	Авторынок Барабашова К№7	in stock	408.00 UAH	4
532 0001 10	Авторынок Барабашова К№7	in stock	759.00 UAH	37
500063	Авторынок Барабашова К№7	in stock	401.00 UAH	12
110142	Авторынок Барабашова К№7	in stock	435.00 UAH	11
500025	Авторынок Барабашова К№7	in stock	373.00 UAH	16
A 651 200 06 70	Авторынок Барабашова К№7	in stock	1227.00 UAH	104
331316171263	Авторынок Барабашова К№7	in stock	630.00 UAH	3
RWS3223	Авторынок Барабашова К№7	in stock	241.00 UAH	27
110174	Авторынок Барабашова К№7	in stock	370.00 UAH	36
55571	Авторынок Барабашова К№7	in stock	934.00 UAH	1
31746	Авторынок Барабашова К№7	in stock	635.00 UAH	1
531 0734 10	Авторынок Барабашова К№7	in stock	3758.00 UAH	4
07.12.096	Авторынок Барабашова К№7	in stock	714.00 UAH	18
100 7646	Авторынок Барабашова К№7	in stock	524.00 UAH	11
02.53.136	Авторынок Барабашова К№7	in stock	813.00 UAH	19
306123	Авторынок Барабашова К№7	in stock	576.00 UAH	27
88430440201	Авторынок Барабашова К№7	in stock	212.00 UAH	36
MRS-423	Авторынок Барабашова К№7	in stock	493.00 UAH	1
55571	Авторынок Барабашова К№7	in stock	997.00 UAH	15
306043	Авторынок Барабашова К№7	in stock	599.00 UAH	17
RWS1064	Авторынок Барабашова К№7	in stock	858.00 UAH	11
306038	Авторынок Барабашова К№7	in stock	660.00 UAH	1
306019	Авторынок Барабашова К№7	in stock	1155.00 UAH	25
RM8011	Авторынок Барабашова К№7	in stock	514.00 UAH	11
RW76002	Авторынок Барабашова К№7	in stock	682.00 UAH	8
8430.12	Авторынок Барабашова К№7	in stock	554.00 UAH	1
306045	Авторынок Барабашова К№7	in stock	760.00 UAH	3
8430.07	Авторынок Барабашова К№7	in stock	544.00 UAH	1
306018	Авторынок Барабашова К№7	in stock	749.00 UAH	20
505 0057	Авторынок Барабашова К№7	in stock	566.00 UAH	21
505 1508	Авторынок Барабашова К№7	in stock	963.00 UAH	11
GT90840	Авторынок Барабашова К№7	in stock	590.00 UAH	11
532 0169 10	Авторынок Барабашова К№7	in stock	1087.00 UAH	59
GA351.01	Авторынок Барабашова К№7	in stock	577.00 UAH	2
E2M5190BTA	Авторынок Барабашова К№7	in stock	378.00 UAH	1
55415	Авторынок Барабашова К№7	in stock	744.00 UAH	1
1112203100	Авторынок Барабашова К№7	in stock	1243.00 UAH	3
GT357.02	Авторынок Барабашова К№7	in stock	692.00 UAH	20
22-52	Авторынок Барабашова К№7	in stock	473.00 UAH	16
82 00 104 754Z	Авторынок Барабашова К№7	in stock	950.00 UAH	1
531 0343 30	Авторынок Барабашова К№7	in stock	1189.00 UAH	47
1190	Авторынок Барабашова К№7	in stock	408.00 UAH	10
55456	Авторынок Барабашова К№7	in stock	993.00 UAH	1
56303	Авторынок Барабашова К№7	in stock	1022.00 UAH	1
55408	Авторынок Барабашова К№7	in stock	1252.00 UAH	1
26226	Авторынок Барабашова К№7	in stock	721.00 UAH	6
500218	Авторынок Барабашова К№7	in stock	643.00 UAH	1
03-303	Авторынок Барабашова К№7	in stock	292.00 UAH	2
GA351.50	Авторынок Барабашова К№7	in stock	534.00 UAH	29
60TB0648E	Авторынок Барабашова К№7	in stock	995.00 UAH	1
915774	Авторынок Барабашова К№7	in stock	568.00 UAH	2
10 93 0706	Авторынок Барабашова К№7	in stock	745.00 UAH	12
70504	Авторынок Барабашова К№7	in stock	363.00 UAH	12
18876 02	Авторынок Барабашова К№7	in stock	1284.00 UAH	54
34160AE000	Авторынок Барабашова К№7	in stock	1642.00 UAH	21
1222-SAN	Авторынок Барабашова К№7	in stock	538.00 UAH	1
4901-09-0040E	Авторынок Барабашова К№7	in stock	407.00 UAH	1
RD.322418876	Авторынок Барабашова К№7	in stock	350.00 UAH	2
5001522	Авторынок Барабашова К№7	in stock	1184.00 UAH	1
20VW40	Авторынок Барабашова К№7	in stock	580.00 UAH	72
1.1799.13.90.11	Авторынок Барабашова К№7	in stock	474.00 UAH	1
FO7201R	Авторынок Барабашова К№7	in stock	6000.00 UAH	1
SM2250	Авторынок Барабашова К№7	in stock	302.00 UAH	1
5001521	Авторынок Барабашова К№7	in stock	1224.00 UAH	2
19722 01	Авторынок Барабашова К№7	in stock	1129.00 UAH	36
G1-725	Авторынок Барабашова К№7	in stock	450.00 UAH	1
17623 02	Авторынок Барабашова К№7	in stock	785.00 UAH	1
17624 02	Авторынок Барабашова К№7	in stock	769.00 UAH	1
60/327	Авторынок Барабашова К№7	in stock	416.00 UAH	19
100 7248	Авторынок Барабашова К№7	in stock	991.00 UAH	29
305014	Авторынок Барабашова К№7	in stock	414.00 UAH	54
80/753	Авторынок Барабашова К№7	in stock	843.00 UAH	17
704 5169	Авторынок Барабашова К№7	in stock	4211.00 UAH	7
1587100380	Авторынок Барабашова К№7	in stock	263.00 UAH	11
GDHD-016	Авторынок Барабашова К№7	in stock	291.00 UAH	1
505 0026	Авторынок Барабашова К№7	in stock	361.00 UAH	21
505 0016	Авторынок Барабашова К№7	in stock	1256.00 UAH	23
305115	Авторынок Барабашова К№7	in stock	711.00 UAH	1
4431422	Авторынок Барабашова К№7	in stock	885.00 UAH	1
02.53.087	Авторынок Барабашова К№7	in stock	418.00 UAH	2
A 906 760 00 70	Авторынок Барабашова К№7	in stock	1869.00 UAH	6
RWS1717/L	Авторынок Барабашова К№7	in stock	169.00 UAH	15
505 1610	Авторынок Барабашова К№7	in stock	563.00 UAH	11
08972	Авторынок Барабашова К№7	in stock	660.00 UAH	178
2646	Авторынок Барабашова К№7	in stock	162.00 UAH	1
06162	Авторынок Барабашова К№7	in stock	651.00 UAH	179
06161	Авторынок Барабашова К№7	in stock	761.00 UAH	176
81270NY1EU	Авторынок Барабашова К№7	in stock	1128.00 UAH	16
171335	Авторынок Барабашова К№7	in stock	703.00 UAH	8
WINTER 5L	Авторынок Барабашова К№7	in stock	210.00 UAH	32
SD40_Size_S	Авторынок Барабашова К№7	in stock	158.00 UAH	12
SD40_Size_M	Авторынок Барабашова К№7	in stock	183.00 UAH	15
SD40	Авторынок Барабашова К№7	in stock	216.00 UAH	7
SD40_Smart_Size_M	Авторынок Барабашова К№7	in stock	209.00 UAH	19
21611	Авторынок Барабашова К№7	in stock	698.00 UAH	25
FZ9762	Авторынок Барабашова К№7	in stock	219.00 UAH	1
BC1335	Авторынок Барабашова К№7	in stock	217.00 UAH	2
3207	Авторынок Барабашова К№7	in stock	190.00 UAH	2
2306100	Авторынок Барабашова К№7	in stock	157.00 UAH	17
12871 01	Авторынок Барабашова К№7	in stock	268.00 UAH	25
01840	Авторынок Барабашова К№7	in stock	146.00 UAH	4
014 024 0103	Авторынок Барабашова К№7	in stock	757.00 UAH	16
MG1704	Авторынок Барабашова К№7	in stock	248.00 UAH	4
29919 01	Авторынок Барабашова К№7	in stock	496.00 UAH	105
13208 01	Авторынок Барабашова К№7	in stock	1336.00 UAH	14
516439	Авторынок Барабашова К№7	in stock	233.00 UAH	20
26614 01	Авторынок Барабашова К№7	in stock	505.00 UAH	59
201256	Авторынок Барабашова К№7	in stock	502.00 UAH	2
37721 01	Авторынок Барабашова К№7	in stock	649.00 UAH	29
BC1400	Авторынок Барабашова К№7	in stock	499.00 UAH	2
100 3403	Авторынок Барабашова К№7	in stock	716.00 UAH	22
38MR0805	Авторынок Барабашова К№7	in stock	289.00 UAH	35
829 0317 10	Авторынок Барабашова К№7	in stock	363.00 UAH	68
04981	Авторынок Барабашова К№7	in stock	333.00 UAH	6
01529	Авторынок Барабашова К№7	in stock	308.00 UAH	10
01924	Авторынок Барабашова К№7	in stock	253.00 UAH	3
829 0091 10	Авторынок Барабашова К№7	in stock	368.00 UAH	56
FZ9350	Авторынок Барабашова К№7	in stock	150.00 UAH	2
701407087	Авторынок Барабашова К№7	in stock	133.00 UAH	2
104 054	Авторынок Барабашова К№7	in stock	158.00 UAH	3
864608	Авторынок Барабашова К№7	in stock	216.00 UAH	11
10197 01	Авторынок Барабашова К№7	in stock	622.00 UAH	16
014.341-00	Авторынок Барабашова К№7	in stock	612.00 UAH	2
STR-120314	Авторынок Барабашова К№7	in stock	315.00 UAH	2
3230	Авторынок Барабашова К№7	in stock	235.00 UAH	4
01208	Авторынок Барабашова К№7	in stock	269.00 UAH	1
CVKH-130	Авторынок Барабашова К№7	in stock	250.00 UAH	4
516532	Авторынок Барабашова К№7	in stock	243.00 UAH	3
20641 02	Авторынок Барабашова К№7	in stock	418.00 UAH	22
600458	Авторынок Барабашова К№7	in stock	215.00 UAH	12
14556 01	Авторынок Барабашова К№7	in stock	255.00 UAH	23
7D0407140	Авторынок Барабашова К№7	in stock	192.00 UAH	6
F8-4039	Авторынок Барабашова К№7	in stock	230.00 UAH	1
1140203200	Авторынок Барабашова К№7	in stock	235.00 UAH	11
36300 01	Авторынок Барабашова К№7	in stock	792.00 UAH	41
4708-12-3023P	Авторынок Барабашова К№7	in stock	1130.00 UAH	1
201076	Авторынок Барабашова К№7	in stock	490.00 UAH	28
FZ9422	Авторынок Барабашова К№7	in stock	222.00 UAH	1
829 0311 10	Авторынок Барабашова К№7	in stock	1232.00 UAH	49
1140202900	Авторынок Барабашова К№7	in stock	231.00 UAH	2
25909	Авторынок Барабашова К№7	in stock	528.00 UAH	1
FZ9349	Авторынок Барабашова К№7	in stock	154.00 UAH	1
51212	Авторынок Барабашова К№7	in stock	284.00 UAH	4
A 319 324 07 50	Авторынок Барабашова К№7	in stock	152.00 UAH	3
201088	Авторынок Барабашова К№7	in stock	242.00 UAH	14
01502	Авторынок Барабашова К№7	in stock	480.00 UAH	2
034 710 0001	Авторынок Барабашова К№7	in stock	184.00 UAH	1
BC1301	Авторынок Барабашова К№7	in stock	169.00 UAH	1
BC1326	Авторынок Барабашова К№7	in stock	228.00 UAH	4
014.179-00	Авторынок Барабашова К№7	in stock	210.00 UAH	4
21651940	Авторынок Барабашова К№7	in stock	315.00 UAH	1
100 3252	Авторынок Барабашова К№7	in stock	166.00 UAH	21
013.019-00	Авторынок Барабашова К№7	in stock	41.00 UAH	1
06844	Авторынок Барабашова К№7	in stock	258.00 UAH	74
1081.60	Авторынок Барабашова К№7	in stock	170.00 UAH	4
011.090	Авторынок Барабашова К№7	in stock	180.00 UAH	3
51230	Авторынок Барабашова К№7	in stock	156.00 UAH	2
011.023	Авторынок Барабашова К№7	in stock	131.00 UAH	3
BC1303	Авторынок Барабашова К№7	in stock	149.00 UAH	4
29314 01	Авторынок Барабашова К№7	in stock	394.00 UAH	69
29921 01	Авторынок Барабашова К№7	in stock	400.00 UAH	107
BC0103	Авторынок Барабашова К№7	in stock	164.00 UAH	1
201148	Авторынок Барабашова К№7	in stock	163.00 UAH	1
1.1199.05.25.00	Авторынок Барабашова К№7	in stock	1038.00 UAH	1
SAK1574	Авторынок Барабашова К№7	in stock	401.00 UAH	2
SA10086B	Авторынок Барабашова К№7	in stock	188.00 UAH	1
SAKLR153596	Авторынок Барабашова К№7	in stock	781.00 UAH	54
150400	Авторынок Барабашова К№7	in stock	155.00 UAH	1
150500	Авторынок Барабашова К№7	in stock	200.00 UAH	1
1119500300	Авторынок Барабашова К№7	in stock	150.00 UAH	5
12016442B	Авторынок Барабашова К№7	in stock	240.00 UAH	5
CO01016879	Авторынок Барабашова К№7	in stock	690.00 UAH	1
A 230 997 03 46	Авторынок Барабашова К№7	in stock	1777.00 UAH	11
01019481B	Авторынок Барабашова К№7	in stock	224.00 UAH	1
81-15512-50	Авторынок Барабашова К№7	in stock	214.00 UAH	5
A 009 997 92 47	Авторынок Барабашова К№7	in stock	701.00 UAH	4
016.620	Авторынок Барабашова К№7	in stock	439.00 UAH	63
0000534358	Авторынок Барабашова К№7	in stock	122.00 UAH	1
12014586	Авторынок Барабашова К№7	in stock	130.00 UAH	4
5002526700	Авторынок Барабашова К№7	in stock	175.00 UAH	4
70-37804-00	Авторынок Барабашова К№7	in stock	164.00 UAH	13
NJ873	Авторынок Барабашова К№7	in stock	467.00 UAH	3
445.600	Авторынок Барабашова К№7	in stock	1059.00 UAH	9
20018246B	Авторынок Барабашова К№7	in stock	656.00 UAH	25
12012248B	Авторынок Барабашова К№7	in stock	391.00 UAH	39
N20503OEM	Авторынок Барабашова К№7	in stock	291.00 UAH	1
914.932	Авторынок Барабашова К№7	in stock	645.00 UAH	51
20025510	Авторынок Барабашова К№7	in stock	533.00 UAH	2
07011583B	Авторынок Барабашова К№7	in stock	257.00 UAH	5
164.500	Авторынок Барабашова К№7	in stock	196.00 UAH	4
15077900	Авторынок Барабашова К№7	in stock	857.00 UAH	4
428.970	Авторынок Барабашова К№7	in stock	617.00 UAH	51
044.318	Авторынок Барабашова К№7	in stock	246.00 UAH	10
01019285	Авторынок Барабашова К№7	in stock	473.00 UAH	1
FN1119241	Авторынок Барабашова К№7	in stock	560.00 UAH	3
N12022	Авторынок Барабашова К№7	in stock	160.00 UAH	1
020 311 113 B	Авторынок Барабашова К№7	in stock	902.00 UAH	1
01031980B	Авторынок Барабашова К№7	in stock	652.00 UAH	21
81-26389-30	Авторынок Барабашова К№7	in stock	260.00 UAH	18
01019478B	Авторынок Барабашова К№7	in stock	566.00 UAH	40
A 002 997 43 46	Авторынок Барабашова К№7	in stock	211.00 UAH	2
457.120	Авторынок Барабашова К№7	in stock	342.00 UAH	1
01027682	Авторынок Барабашова К№7	in stock	1664.00 UAH	3
N 914127 003205	Авторынок Барабашова К№7	in stock	170.00 UAH	1
A 168 990 01 36	Авторынок Барабашова К№7	in stock	143.00 UAH	2
GN 003	Авторынок Барабашова К№7	in stock	377.00 UAH	136
701943021	Авторынок Барабашова К№7	in stock	300.00 UAH	1
SK20PR-A8	Авторынок Барабашова К№7	in stock	701.00 UAH	34
11 721 122	Авторынок Барабашова К№7	in stock	368.00 UAH	16
D-POWER NR48	Авторынок Барабашова К№7	in stock	540.00 UAH	4
GE 100	Авторынок Барабашова К№7	in stock	469.00 UAH	96
H1 127	Авторынок Барабашова К№7	in stock	376.00 UAH	4
74154	Авторынок Барабашова К№7	in stock	276.00 UAH	1
11 721 738	Авторынок Барабашова К№7	in stock	281.00 UAH	6
18404	Авторынок Барабашова К№7	in stock	364.00 UAH	43
11 721 121	Авторынок Барабашова К№7	in stock	329.00 UAH	8
DG-139	Авторынок Барабашова К№7	in stock	525.00 UAH	15
062 905 061	Авторынок Барабашова К№7	in stock	675.00 UAH	1
11 721 200	Авторынок Барабашова К№7	in stock	334.00 UAH	1
LP103	Авторынок Барабашова К№7	in stock	555.00 UAH	8
GN 989	Авторынок Барабашова К№7	in stock	500.00 UAH	20
29317	Авторынок Барабашова К№7	in stock	524.00 UAH	7
GN 050	Авторынок Барабашова К№7	in stock	762.00 UAH	53
GN 050 0100226435	Авторынок Барабашова К№7	in stock	1121.00 UAH	2
Y-918R	Авторынок Барабашова К№7	in stock	362.00 UAH	1
0 250 603 021	Авторынок Барабашова К№7	in stock	1218.00 UAH	32
1885510060	Авторынок Барабашова К№7	in stock	279.00 UAH	41
99451818902	Авторынок Барабашова К№7	in stock	395.00 UAH	20
703 6341	Авторынок Барабашова К№7	in stock	465.00 UAH	21
120 8277	Авторынок Барабашова К№7	in stock	1481.00 UAH	4
1J5943021D	Авторынок Барабашова К№7	in stock	350.00 UAH	15
116027	Авторынок Барабашова К№7	in stock	229.00 UAH	60
57512	Авторынок Барабашова К№7	in stock	972.00 UAH	20
55501	Авторынок Барабашова К№7	in stock	1018.00 UAH	2
SR-3113	Авторынок Барабашова К№7	in stock	172.00 UAH	1
STR-120313	Авторынок Барабашова К№7	in stock	178.00 UAH	1
A 000 989 32 09 13ABDW	Авторынок Барабашова К№7	in stock	3109.00 UAH	21
6471890	Авторынок Барабашова К№7	in stock	977.00 UAH	1
M-6049G-L	Авторынок Барабашова К№7	in stock	1022.00 UAH	1
100 8122	Авторынок Барабашова К№7	in stock	444.00 UAH	12
051 0622 431	Авторынок Барабашова К№7	in stock	377.00 UAH	1
6401986	Авторынок Барабашова К№7	in stock	289.00 UAH	28
6102-02-1211993P	Авторынок Барабашова К№7	in stock	479.00 UAH	1
70031C	Авторынок Барабашова К№7	in stock	368.00 UAH	1
TL-ME003	Авторынок Барабашова К№7	in stock	553.00 UAH	8
100 8272	Авторынок Барабашова К№7	in stock	664.00 UAH	19
100 8273	Авторынок Барабашова К№7	in stock	638.00 UAH	8
TP 57-28-69	Авторынок Барабашова К№7	in stock	448.00 UAH	1
A 003 826 94 90	Авторынок Барабашова К№7	in stock	1899.00 UAH	1
9ES120 721-001	Авторынок Барабашова К№7	in stock	807.00 UAH	1
110 8263	Авторынок Барабашова К№7	in stock	1720.00 UAH	10
503 0362	Авторынок Барабашова К№7	in stock	1437.00 UAH	7
A 000 820 17 66	Авторынок Барабашова К№7	in stock	1467.00 UAH	3
A 004 826 12 90	Авторынок Барабашова К№7	in stock	2337.00 UAH	1
130 8205	Авторынок Барабашова К№7	in stock	1107.00 UAH	3
3 397 006 953	Авторынок Барабашова К№7	in stock	791.00 UAH	6
401 669	Авторынок Барабашова К№7	in stock	817.00 UAH	1
100 7412	Авторынок Барабашова К№7	in stock	387.00 UAH	27
BP 1340	Авторынок Барабашова К№7	in stock	213.00 UAH	1
STR-50305	Авторынок Барабашова К№7	in stock	320.00 UAH	1
STR-50315	Авторынок Барабашова К№7	in stock	600.00 UAH	1
STR-50206	Авторынок Барабашова К№7	in stock	450.00 UAH	2
54472	Авторынок Барабашова К№7	in stock	154.00 UAH	3
Скребок	Авторынок Барабашова К№7	in stock	30.00 UAH	4
4107521	Авторынок Барабашова К№7	in stock	94.00 UAH	2
4106128	Авторынок Барабашова К№7	in stock	187.00 UAH	2
410668	Авторынок Барабашова К№7	in stock	109.00 UAH	1
410667	Авторынок Барабашова К№7	in stock	68.00 UAH	1
134100	Авторынок Барабашова К№7	in stock	349.00 UAH	1
124W700016	Авторынок Барабашова К№7	in stock	250.00 UAH	1
22089 02	Авторынок Барабашова К№7	in stock	864.00 UAH	8
OS-3.4 Orange	Авторынок Барабашова К№7	in stock	348.00 UAH	3
RWS1929	Авторынок Барабашова К№7	in stock	145.00 UAH	22
81-26182	Авторынок Барабашова К№7	in stock	163.00 UAH	2
1187400270	Авторынок Барабашова К№7	in stock	756.00 UAH	1
MGR-016	Авторынок Барабашова К№7	in stock	2750.00 UAH	5
458041	Авторынок Барабашова К№7	in stock	7821.00 UAH	1
100 8268	Авторынок Барабашова К№7	in stock	687.00 UAH	16
712421008479	Авторынок Барабашова К№7	in stock	2116.00 UAH	3
100 8269	Авторынок Барабашова К№7	in stock	687.00 UAH	21
6411441	Авторынок Барабашова К№7	in stock	512.00 UAH	22
A 001 811 99 33	Авторынок Барабашова К№7	in stock	2120.00 UAH	1
A 002 811 22 33	Авторынок Барабашова К№7	in stock	2065.00 UAH	1
A 002 811 03 33	Авторынок Барабашова К№7	in stock	2193.00 UAH	1
8113	Авторынок Барабашова К№7	in stock	420.00 UAH	3
WB 16	Авторынок Барабашова К№7	in stock	408.00 UAH	1
X60/B01	Авторынок Барабашова К№7	in stock	150.00 UAH	16
X60W	Авторынок Барабашова К№7	in stock	320.00 UAH	1
261003	Авторынок Барабашова К№7	in stock	776.00 UAH	4
261004	Авторынок Барабашова К№7	in stock	781.00 UAH	6
N 000472 028000	Авторынок Барабашова К№7	in stock	128.00 UAH	1
U00129	Авторынок Барабашова К№7	in stock	235.00 UAH	1
213501	Авторынок Барабашова К№7	in stock	234.00 UAH	31
U00228	Авторынок Барабашова К№7	in stock	590.00 UAH	4
A 314 351 05 25	Авторынок Барабашова К№7	in stock	832.00 UAH	5
A 970 351 01 25	Авторынок Барабашова К№7	in stock	832.00 UAH	3
44E974_1	Авторынок Барабашова К№7	in stock	5.00 UAH	100
14-02373	Авторынок Барабашова К№7	in stock	322.00 UAH	1
SM-SLH028	Авторынок Барабашова К№7	in stock	264.00 UAH	1
TO-LS-14561	Авторынок Барабашова К№7	in stock	755.00 UAH	9
RL-103603T	Авторынок Барабашова К№7	in stock	458.00 UAH	12
RL-820159R	Авторынок Барабашова К№7	in stock	328.00 UAH	32
SM5513PRO	Авторынок Барабашова К№7	in stock	638.00 UAH	52
SM0967PRO	Авторынок Барабашова К№7	in stock	595.00 UAH	1
SM6774PRO	Авторынок Барабашова К№7	in stock	715.00 UAH	57
SM2089	Авторынок Барабашова К№7	in stock	311.00 UAH	52
VSB-019	Авторынок Барабашова К№7	in stock	28.00 UAH	3
BHS314E	Авторынок Барабашова К№7	in stock	3600.00 UAH	1
223121	Авторынок Барабашова К№7	in stock	1700.00 UAH	16
2133138	Авторынок Барабашова К№7	in stock	3348.00 UAH	1
8MV376732341	Авторынок Барабашова К№7	in stock	2391.00 UAH	1
TS6994	Авторынок Барабашова К№7	in stock	286.00 UAH	11
350231A	Авторынок Барабашова К№7	in stock	346.00 UAH	1
55 91 4771	Авторынок Барабашова К№7	in stock	388.00 UAH	2
725005	Авторынок Барабашова К№7	in stock	2339.00 UAH	5
508 0007	Авторынок Барабашова К№7	in stock	822.00 UAH	7
D2X015TT	Авторынок Барабашова К№7	in stock	1343.00 UAH	17
4006281	Авторынок Барабашова К№7	in stock	1477.00 UAH	1
RWS1505	Авторынок Барабашова К№7	in stock	1556.00 UAH	2
FBX050B	Авторынок Барабашова К№7	in stock	266.00 UAH	21
03.9901-5832.2	Авторынок Барабашова К№7	in stock	592.00 UAH	36
1 987 479 106	Авторынок Барабашова К№7	in stock	313.00 UAH	99
250	Авторынок Барабашова К№7	in stock	151.00 UAH	1
09.9510.14	Авторынок Барабашова К№7	in stock	2845.00 UAH	7
98200 0595 0 1	Авторынок Барабашова К№7	in stock	781.00 UAH	1
115 521 1051	Авторынок Барабашова К№7	in stock	1735.00 UAH	28
BDC5428	Авторынок Барабашова К№7	in stock	1290.00 UAH	1
4550	Авторынок Барабашова К№7	in stock	495.00 UAH	11
C82131ABE	Авторынок Барабашова К№7	in stock	338.00 UAH	5
30847	Авторынок Барабашова К№7	in stock	435.00 UAH	3
SL5589	Авторынок Барабашова К№7	in stock	314.00 UAH	7
DB163	Авторынок Барабашова К№7	in stock	215.00 UAH	1
SL5588	Авторынок Барабашова К№7	in stock	284.00 UAH	5
DB158	Авторынок Барабашова К№7	in stock	290.00 UAH	2
VW181	Авторынок Барабашова К№7	in stock	218.00 UAH	1
A 164 420 05 48	Авторынок Барабашова К№7	in stock	1363.00 UAH	3
DB157	Авторынок Барабашова К№7	in stock	205.00 UAH	1
SL1629	Авторынок Барабашова К№7	in stock	232.00 UAH	1
1161701800	Авторынок Барабашова К№7	in stock	221.00 UAH	3
SL5875	Авторынок Барабашова К№7	in stock	335.00 UAH	14
AU166	Авторынок Барабашова К№7	in stock	225.00 UAH	4
6T46343	Авторынок Барабашова К№7	in stock	324.00 UAH	15
28613	Авторынок Барабашова К№7	in stock	378.00 UAH	5
SPC-SM0040	Авторынок Барабашова К№7	in stock	1068.00 UAH	15
55.0314	Авторынок Барабашова К№7	in stock	377.00 UAH	5
9017600104/MG	Авторынок Барабашова К№7	in stock	260.00 UAH	1
RW76035	Авторынок Барабашова К№7	in stock	390.00 UAH	13
505 0341	Авторынок Барабашова К№7	in stock	643.00 UAH	11
C5319104	Авторынок Барабашова К№7	in stock	215.00 UAH	1
100 7627	Авторынок Барабашова К№7	in stock	313.00 UAH	31
100 7504	Авторынок Барабашова К№7	in stock	576.00 UAH	1
58975	Авторынок Барабашова К№7	in stock	2387.00 UAH	23
506 0316	Авторынок Барабашова К№7	in stock	3224.00 UAH	14
100 4219	Авторынок Барабашова К№7	in stock	454.00 UAH	1
32-0254	Авторынок Барабашова К№7	in stock	350.00 UAH	1
27.01.74	Авторынок Барабашова К№7	in stock	597.00 UAH	31
RW42058	Авторынок Барабашова К№7	in stock	510.00 UAH	4
10.9870	Авторынок Барабашова К№7	in stock	450.00 UAH	1
7700311217	Авторынок Барабашова К№7	in stock	375.00 UAH	1
76090017301	Авторынок Барабашова К№7	in stock	257.00 UAH	11
41.0271.1	Авторынок Барабашова К№7	in stock	462.00 UAH	16
1 987 482 029	Авторынок Барабашова К№7	in stock	674.00 UAH	4
77111636301	Авторынок Барабашова К№7	in stock	333.00 UAH	24
5502 704	Авторынок Барабашова К№7	in stock	392.00 UAH	3
16059	Авторынок Барабашова К№7	in stock	1149.00 UAH	2
K13406	Авторынок Барабашова К№7	in stock	504.00 UAH	12
47.01.39	Авторынок Барабашова К№7	in stock	380.00 UAH	29
47.01.38	Авторынок Барабашова К№7	in stock	389.00 UAH	8
2D0 609 701 C	Авторынок Барабашова К№7	in stock	515.00 UAH	1
27.01.69	Авторынок Барабашова К№7	in stock	587.00 UAH	14
2D0 609 701 D	Авторынок Барабашова К№7	in stock	580.00 UAH	1
27.01.65	Авторынок Барабашова К№7	in stock	490.00 UAH	29
GCH1813	Авторынок Барабашова К№7	in stock	601.00 UAH	1
24.3727-0445.2	Авторынок Барабашова К№7	in stock	718.00 UAH	1
1 987 477 855	Авторынок Барабашова К№7	in stock	753.00 UAH	20
27.01.70	Авторынок Барабашова К№7	in stock	637.00 UAH	32
4371	Авторынок Барабашова К№7	in stock	416.00 UAH	1
27.0207.1	Авторынок Барабашова К№7	in stock	542.00 UAH	7
1 987 482 026	Авторынок Барабашова К№7	in stock	729.00 UAH	20
4500251	Авторынок Барабашова К№7	in stock	995.00 UAH	1
27.223.1	Авторынок Барабашова К№7	in stock	559.00 UAH	2
76206	Авторынок Барабашова К№7	in stock	353.00 UAH	1
16059-1	Авторынок Барабашова К№7	in stock	1169.00 UAH	4
A 639 420 14 85	Авторынок Барабашова К№7	in stock	1120.00 UAH	1
RD.4442270278	Авторынок Барабашова К№7	in stock	438.00 UAH	2
RD.4442270246	Авторынок Барабашова К№7	in stock	359.00 UAH	2
27.0215	Авторынок Барабашова К№7	in stock	504.00 UAH	5
27.0223.1	Авторынок Барабашова К№7	in stock	670.00 UAH	15
32-2310	Авторынок Барабашова К№7	in stock	215.00 UAH	2
9039103	Авторынок Барабашова К№7	in stock	320.00 UAH	1
3074 600 264	Авторынок Барабашова К№7	in stock	1193.00 UAH	2
K13231	Авторынок Барабашова К№7	in stock	499.00 UAH	5
906 260 15 51	Авторынок Барабашова К№7	in stock	1690.00 UAH	1
100 7660	Авторынок Барабашова К№7	in stock	336.00 UAH	22
02.13.061	Авторынок Барабашова К№7	in stock	448.00 UAH	9
02.13.062	Авторынок Барабашова К№7	in stock	426.00 UAH	1
02.13.063	Авторынок Барабашова К№7	in stock	431.00 UAH	1
15691	Авторынок Барабашова К№7	in stock	234.00 UAH	35
A 340 420 05 29	Авторынок Барабашова К№7	in stock	820.00 UAH	1
A 340 420 06 29	Авторынок Барабашова К№7	in stock	871.00 UAH	1
CU-0560A-A	Авторынок Барабашова К№7	in stock	240.00 UAH	8
CU-0100A-A	Авторынок Барабашова К№7	in stock	181.00 UAH	45
CU-0240A-A	Авторынок Барабашова К№7	in stock	188.00 UAH	24
CU-0260A-A	Авторынок Барабашова К№7	in stock	183.00 UAH	11
CU-0400A-A	Авторынок Барабашова К№7	in stock	210.00 UAH	41
CU-0410A-A	Авторынок Барабашова К№7	in stock	189.00 UAH	1
CU-0900A-A	Авторынок Барабашова К№7	in stock	284.00 UAH	29
400006	Авторынок Барабашова К№7	in stock	1390.00 UAH	1
55559353	Авторынок Барабашова К№7	in stock	550.00 UAH	8
108002	Авторынок Барабашова К№7	in stock	404.00 UAH	27
JTR0003	Авторынок Барабашова К№7	in stock	3137.00 UAH	1
RL-871884B	Авторынок Барабашова К№7	in stock	1420.00 UAH	35
20IV1000	Авторынок Барабашова К№7	in stock	547.00 UAH	2
205045	Авторынок Барабашова К№7	in stock	647.00 UAH	14
RL-220715M	Авторынок Барабашова К№7	in stock	354.00 UAH	90
RL-485225N	Авторынок Барабашова К№7	in stock	350.00 UAH	35
20RN1120	Авторынок Барабашова К№7	in stock	612.00 UAH	19
RL-601071T	Авторынок Барабашова К№7	in stock	577.00 UAH	26
202016	Авторынок Барабашова К№7	in stock	453.00 UAH	19
26RN1120	Авторынок Барабашова К№7	in stock	531.00 UAH	70
26776	Авторынок Барабашова К№7	in stock	801.00 UAH	1
24689 02	Авторынок Барабашова К№7	in stock	655.00 UAH	10
A 901 320 00 89	Авторынок Барабашова К№7	in stock	802.00 UAH	1
9053200489	Авторынок Барабашова К№7	in stock	268.00 UAH	2
5113311	Авторынок Барабашова К№7	in stock	384.00 UAH	2
CL0261L	Авторынок Барабашова К№7	in stock	411.00 UAH	32
PXCLB-023	Авторынок Барабашова К№7	in stock	387.00 UAH	1
36704 01	Авторынок Барабашова К№7	in stock	1110.00 UAH	19
48820-33010	Авторынок Барабашова К№7	in stock	1448.00 UAH	1
1140403380	Авторынок Барабашова К№7	in stock	471.00 UAH	1
21611	Авторынок Барабашова К№7	in stock	500.00 UAH	1
26BM0305	Авторынок Барабашова К№7	in stock	615.00 UAH	3
26BM0306	Авторынок Барабашова К№7	in stock	574.00 UAH	1
D140141	Авторынок Барабашова К№7	in stock	290.00 UAH	7
100 2651	Авторынок Барабашова К№7	in stock	353.00 UAH	31
G7-597	Авторынок Барабашова К№7	in stock	454.00 UAH	3
FZ7223	Авторынок Барабашова К№7	in stock	386.00 UAH	1
SD28	Авторынок Барабашова К№7	in stock	219.00 UAH	13
A 163 742 00 97	Авторынок Барабашова К№7	in stock	131.00 UAH	1
A 211 671 02 97	Авторынок Барабашова К№7	in stock	125.00 UAH	3
71-34263-00	Авторынок Барабашова К№7	in stock	156.00 UAH	21
1 410 105 021	Авторынок Барабашова К№7	in stock	104.00 UAH	23
F 00R 0P0 085	Авторынок Барабашова К№7	in stock	182.00 UAH	4
A 024 997 63 45 64	Авторынок Барабашова К№7	in stock	453.00 UAH	3
A 015 997 48 45	Авторынок Барабашова К№7	in stock	223.00 UAH	6
11026-53J00	Авторынок Барабашова К№7	in stock	227.00 UAH	3
A 673 725 00 98	Авторынок Барабашова К№7	in stock	147.00 UAH	6
N0138206	Авторынок Барабашова К№7	in stock	129.00 UAH	1
11026-53J00	Авторынок Барабашова К№7	in stock	227.00 UAH	3
1119606300	Авторынок Барабашова К№7	in stock	129.00 UAH	13
570.120	Авторынок Барабашова К№7	in stock	318.00 UAH	4
A 002 997 65 40	Авторынок Барабашова К№7	in stock	141.00 UAH	1
N  904 650 01	Авторынок Барабашова К№7	in stock	235.00 UAH	6
19016663B	Авторынок Барабашова К№7	in stock	366.00 UAH	44
7D0883161	Авторынок Барабашова К№7	in stock	312.00 UAH	3
2D1 827 787 A	Авторынок Барабашова К№7	in stock	478.00 UAH	1
10407	Авторынок Барабашова К№7	in stock	219.00 UAH	24
A 000 492 03 81	Авторынок Барабашова К№7	in stock	1144.00 UAH	2
A 012 997 53 48	Авторынок Барабашова К№7	in stock	700.00 UAH	2
43540	Авторынок Барабашова К№7	in stock	150.00 UAH	22
BG0123	Авторынок Барабашова К№7	in stock	135.00 UAH	3
RWS2583	Авторынок Барабашова К№7	in stock	201.00 UAH	31
FT95299	Авторынок Барабашова К№7	in stock	315.00 UAH	7
FOE680/1	Авторынок Барабашова К№7	in stock	400.00 UAH	25
FOM109503800A	Авторынок Барабашова К№7	in stock	269.00 UAH	75
20-A024-052B	Авторынок Барабашова К№7	in stock	3380.00 UAH	1
7P1 941 006	Авторынок Барабашова К№7	in stock	10830.00 UAH	1
TYC 20-5509-05-2	Авторынок Барабашова К№7	in stock	2660.00 UAH	1
394 1012	Авторынок Барабашова К№7	in stock	2997.00 UAH	31
440-1131R-LD-EM	Авторынок Барабашова К№7	in stock	2510.00 UAH	2
RWS2023-1	Авторынок Барабашова К№7	in stock	147.00 UAH	10
100 0701	Авторынок Барабашова К№7	in stock	137.00 UAH	33
AT151K	Авторынок Барабашова К№7	in stock	583.00 UAH	40
014 037 0000	Авторынок Барабашова К№7	in stock	1067.00 UAH	10
AT132K	Авторынок Барабашова К№7	in stock	318.00 UAH	4
AT147K	Авторынок Барабашова К№7	in stock	445.00 UAH	6
AT185K	Авторынок Барабашова К№7	in stock	729.00 UAH	20
AT189K	Авторынок Барабашова К№7	in stock	677.00 UAH	35
AT150K	Авторынок Барабашова К№7	in stock	536.00 UAH	21
AT079K	Авторынок Барабашова К№7	in stock	381.00 UAH	45
AT186K	Авторынок Барабашова К№7	in stock	385.00 UAH	40
AT084K	Авторынок Барабашова К№7	in stock	484.00 UAH	47
AT236K	Авторынок Барабашова К№7	in stock	501.00 UAH	3
AT187K	Авторынок Барабашова К№7	in stock	726.00 UAH	55
AT154K	Авторынок Барабашова К№7	in stock	1939.00 UAH	48
AT032K	Авторынок Барабашова К№7	in stock	691.00 UAH	3
AT370K	Авторынок Барабашова К№7	in stock	542.00 UAH	9
AT368K	Авторынок Барабашова К№7	in stock	498.00 UAH	42
AT196K	Авторынок Барабашова К№7	in stock	950.00 UAH	9
AT244K	Авторынок Барабашова К№7	in stock	383.00 UAH	24
AT373K	Авторынок Барабашова К№7	in stock	406.00 UAH	5
AT156K	Авторынок Барабашова К№7	in stock	557.00 UAH	49
AT266K	Авторынок Барабашова К№7	in stock	473.00 UAH	12
AT234K	Авторынок Барабашова К№7	in stock	453.00 UAH	7
AT271K	Авторынок Барабашова К№7	in stock	723.00 UAH	28
AT245K	Авторынок Барабашова К№7	in stock	372.00 UAH	20
AT237K	Авторынок Барабашова К№7	in stock	446.00 UAH	55
AT046K	Авторынок Барабашова К№7	in stock	579.00 UAH	20
AT424K	Авторынок Барабашова К№7	in stock	542.00 UAH	37
AT367K	Авторынок Барабашова К№7	in stock	319.00 UAH	16
AT220K	Авторынок Барабашова К№7	in stock	403.00 UAH	45
AT237D	Авторынок Барабашова К№7	in stock	428.00 UAH	54
FL24	Авторынок Барабашова К№7	in stock	714.00 UAH	58
LX1277	Авторынок Барабашова К№7	in stock	1154.00 UAH	17
LX720	Авторынок Барабашова К№7	in stock	414.00 UAH	1
LPG330972Q020	Авторынок Барабашова К№7	in stock	320.00 UAH	56
LPG330323L000	Авторынок Барабашова К№7	in stock	288.00 UAH	73
LPG330953KAA0	Авторынок Барабашова К№7	in stock	571.00 UAH	84
50 014 537	Авторынок Барабашова К№7	in stock	994.00 UAH	3
55642	Авторынок Барабашова К№7	in stock	222.00 UAH	6
261190	Авторынок Барабашова К№7	in stock	1417.00 UAH	19
0A5 409 343	Авторынок Барабашова К№7	in stock	8468.00 UAH	1
54572	Авторынок Барабашова К№7	in stock	301.00 UAH	29
30655605	Авторынок Барабашова К№7	in stock	621.00 UAH	18
98630-2E500	Авторынок Барабашова К№7	in stock	150.00 UAH	31
BM5117666AB	Авторынок Барабашова К№7	in stock	160.00 UAH	5
RWS1528	Авторынок Барабашова К№7	in stock	202.00 UAH	50
RWS1710	Авторынок Барабашова К№7	in stock	180.00 UAH	28
57940	Авторынок Барабашова К№7	in stock	95.00 UAH	95
99551814701	Авторынок Барабашова К№7	in stock	286.00 UAH	11
505 0851	Авторынок Барабашова К№7	in stock	184.00 UAH	12
99551790901	Авторынок Барабашова К№7	in stock	1096.00 UAH	2
12408	Авторынок Барабашова К№7	in stock	31.00 UAH	6
20250	Авторынок Барабашова К№7	in stock	50.00 UAH	1
RWS2662	Авторынок Барабашова К№7	in stock	51.00 UAH	7
49756	Авторынок Барабашова К№7	in stock	168.00 UAH	51
20257	Авторынок Барабашова К№7	in stock	64.00 UAH	11
508 0504	Авторынок Барабашова К№7	in stock	431.00 UAH	21
RWS2691	Авторынок Барабашова К№7	in stock	83.00 UAH	7
RWS2661	Авторынок Барабашова К№7	in stock	54.00 UAH	7
F 00V C22 003	Авторынок Барабашова К№7	in stock	70.00 UAH	62
02E 305 051 C	Авторынок Барабашова К№7	in stock	1475.00 UAH	50
AT143K	Авторынок Барабашова К№7	in stock	428.00 UAH	4
FL12C	Авторынок Барабашова К№7	in stock	512.00 UAH	17
CU 3869	Авторынок Барабашова К№7	in stock	387.00 UAH	1
J1342005	Авторынок Барабашова К№7	in stock	469.00 UAH	1
MZ690150	Авторынок Барабашова К№7	in stock	365.00 UAH	40
FOE1076D	Авторынок Барабашова К№7	in stock	194.00 UAH	25
FOE1184D	Авторынок Барабашова К№7	in stock	363.00 UAH	32
FOE1185D	Авторынок Барабашова К№7	in stock	277.00 UAH	9
FOE1266D	Авторынок Барабашова К№7	in stock	274.00 UAH	5
FOE350/4D	Авторынок Барабашова К№7	in stock	279.00 UAH	50
FOE059198405D	Авторынок Барабашова К№7	in stock	479.00 UAH	57
FOE358D	Авторынок Барабашова К№7	in stock	257.00 UAH	55
FOE122D	Авторынок Барабашова К№7	in stock	228.00 UAH	9
FOE557D	Авторынок Барабашова К№7	in stock	295.00 UAH	5
FOE166/1D	Авторынок Барабашова К№7	in stock	220.00 UAH	40
FOE387M	Авторынок Барабашова К№7	in stock	214.00 UAH	63
FOE368D1	Авторынок Барабашова К№7	in stock	226.00 UAH	44
FOE404D	Авторынок Барабашова К№7	in stock	223.00 UAH	59
FOE813/1D	Авторынок Барабашова К№7	in stock	228.00 UAH	61
FOE1146D	Авторынок Барабашова К№7	in stock	253.00 UAH	33
FOE825D	Авторынок Барабашова К№7	in stock	225.00 UAH	36
FOE1238D	Авторынок Барабашова К№7	in stock	291.00 UAH	56
FOE815/1D	Авторынок Барабашова К№7	in stock	234.00 UAH	37
FOE91D	Авторынок Барабашова К№7	in stock	218.00 UAH	40
FOE127/1D	Авторынок Барабашова К№7	in stock	217.00 UAH	31
FOE151D	Авторынок Барабашова К№7	in stock	232.00 UAH	55
FOE68D	Авторынок Барабашова К№7	in stock	175.00 UAH	7
FOE154/1DH	Авторынок Барабашова К№7	in stock	208.00 UAH	37
FOE154/1D	Авторынок Барабашова К№7	in stock	204.00 UAH	33
FOE156DH	Авторынок Барабашова К№7	in stock	203.00 UAH	39
FOE156D	Авторынок Барабашова К№7	in stock	237.00 UAH	58
FOE177/3D	Авторынок Барабашова К№7	in stock	215.00 UAH	60
FOE361/4D	Авторынок Барабашова К№7	in stock	233.00 UAH	59
FOE560D	Авторынок Барабашова К№7	in stock	310.00 UAH	57
FOE152/1D	Авторынок Барабашова К№7	in stock	279.00 UAH	55
FOE367D	Авторынок Барабашова К№7	in stock	219.00 UAH	36
FOE636D	Авторынок Барабашова К№7	in stock	269.00 UAH	13
FOE353/7D	Авторынок Барабашова К№7	in stock	391.00 UAH	46
FOE1302D	Авторынок Барабашова К№7	in stock	429.00 UAH	20
FOM1240	Авторынок Барабашова К№7	in stock	438.00 UAH	22
FOE1245D	Авторынок Барабашова К№7	in stock	294.00 UAH	8
26300-35505	Авторынок Барабашова К№7	in stock	273.00 UAH	225
J1311023	Авторынок Барабашова К№7	in stock	214.00 UAH	1
A210008	Авторынок Барабашова К№7	in stock	211.00 UAH	11
FOE355/3D	Авторынок Барабашова К№7	in stock	204.00 UAH	14
FOE1012D	Авторынок Барабашова К№7	in stock	232.00 UAH	50
FOE6009	Авторынок Барабашова К№7	in stock	212.00 UAH	54
FOE175D	Авторынок Барабашова К№7	in stock	211.00 UAH	54
FOE193	Авторынок Барабашова К№7	in stock	200.00 UAH	48
FOE1237D	Авторынок Барабашова К№7	in stock	288.00 UAH	59
FOE171/2D	Авторынок Барабашова К№7	in stock	189.00 UAH	69
FOE171/2D1	Авторынок Барабашова К№7	in stock	219.00 UAH	49
FOE205/2D	Авторынок Барабашова К№7	in stock	353.00 UAH	46
FOM1252	Авторынок Барабашова К№7	in stock	201.00 UAH	25
FOM486	Авторынок Барабашова К№7	in stock	231.00 UAH	62
FOM570	Авторынок Барабашова К№7	in stock	217.00 UAH	57
101015	Авторынок Барабашова К№7	in stock	227.00 UAH	11
FOE359D	Авторынок Барабашова К№7	in stock	366.00 UAH	55
OX168D OEKO	Авторынок Барабашова К№7	in stock	568.00 UAH	1
OX168D	Авторынок Барабашова К№7	in stock	674.00 UAH	40
FOM90	Авторынок Барабашова К№7	in stock	173.00 UAH	115
FOM215	Авторынок Барабашова К№7	in stock	174.00 UAH	59
FOM289	Авторынок Барабашова К№7	in stock	753.00 UAH	6
FOM614	Авторынок Барабашова К№7	in stock	193.00 UAH	71
FOM2165	Авторынок Барабашова К№7	in stock	291.00 UAH	2
FOE418D	Авторынок Барабашова К№7	in stock	195.00 UAH	38
FOE779D	Авторынок Барабашова К№7	in stock	218.00 UAH	63
FOM1063	Авторынок Барабашова К№7	in stock	200.00 UAH	80
FOM606	Авторынок Барабашова К№7	in stock	191.00 UAH	70
FOM988	Авторынок Барабашова К№7	in stock	179.00 UAH	6
FOE191DH	Авторынок Барабашова К№7	in stock	198.00 UAH	36
FOE191D	Авторынок Барабашова К№7	in stock	235.00 UAH	59
FOM109/1	Авторынок Барабашова К№7	in stock	196.00 UAH	61
FOE153/7D1	Авторынок Барабашова К№7	in stock	210.00 UAH	5
FOE347D	Авторынок Барабашова К№7	in stock	199.00 UAH	37
FOE384D	Авторынок Барабашова К№7	in stock	186.00 UAH	27
FOE263502S000	Авторынок Барабашова К№7	in stock	274.00 UAH	39
FOE369D	Авторынок Барабашова К№7	in stock	212.00 UAH	56
FOE424D	Авторынок Барабашова К№7	in stock	200.00 UAH	47
FOE355D	Авторынок Барабашова К№7	in stock	235.00 UAH	14
FOE1077D	Авторынок Барабашова К№7	in stock	280.00 UAH	58
FOE775D	Авторынок Барабашова К№7	in stock	338.00 UAH	16
FOE436D	Авторынок Барабашова К№7	in stock	212.00 UAH	57
FOE773D	Авторынок Барабашова К№7	in stock	183.00 UAH	37
FOE774D	Авторынок Барабашова К№7	in stock	354.00 UAH	31
FOE365/1D	Авторынок Барабашова К№7	in stock	245.00 UAH	3
FOE354D	Авторынок Барабашова К№7	in stock	247.00 UAH	26
FOE1145D	Авторынок Барабашова К№7	in stock	224.00 UAH	42
LS933	Авторынок Барабашова К№7	in stock	332.00 UAH	74
FOM196	Авторынок Барабашова К№7	in stock	182.00 UAH	86
MZ691140	Авторынок Барабашова К№7	in stock	312.00 UAH	38
FOM194	Авторынок Барабашова К№7	in stock	186.00 UAH	66
FOM216	Авторынок Барабашова К№7	in stock	181.00 UAH	81
FOM217	Авторынок Барабашова К№7	in stock	188.00 UAH	55
FOM383	Авторынок Барабашова К№7	in stock	195.00 UAH	105
FOM384	Авторынок Барабашова К№7	in stock	191.00 UAH	19
FOE425D	Авторынок Барабашова К№7	in stock	340.00 UAH	55
FOE135/1D	Авторынок Барабашова К№7	in stock	202.00 UAH	40
FOE382D	Авторынок Барабашова К№7	in stock	189.00 UAH	60
FOE982D	Авторынок Барабашова К№7	in stock	315.00 UAH	22
FOE1162D	Авторынок Барабашова К№7	in stock	232.00 UAH	46
FOE1301D	Авторынок Барабашова К№7	in stock	267.00 UAH	40
FOE183/5D	Авторынок Барабашова К№7	in stock	262.00 UAH	34
FOE183/1D	Авторынок Барабашова К№7	in stock	215.00 UAH	59
FOE823/6D	Авторынок Барабашова К№7	in stock	281.00 UAH	11
FOE92D	Авторынок Барабашова К№7	in stock	230.00 UAH	55
FOE169D	Авторынок Барабашова К№7	in stock	301.00 UAH	18
FOE254D1	Авторынок Барабашова К№7	in stock	251.00 UAH	44
FOE383D	Авторынок Барабашова К№7	in stock	275.00 UAH	3
FOE38D	Авторынок Барабашова К№7	in stock	265.00 UAH	59
FOE147D	Авторынок Барабашова К№7	in stock	319.00 UAH	54
FOE380D	Авторынок Барабашова К№7	in stock	210.00 UAH	64
FOE153/7D2	Авторынок Барабашова К№7	in stock	203.00 UAH	33
FOE153D3	Авторынок Барабашова К№7	in stock	204.00 UAH	58
FOE153/7D	Авторынок Барабашова К№7	in stock	215.00 UAH	63
FOE2609	Авторынок Барабашова К№7	in stock	246.00 UAH	64
FOE161D	Авторынок Барабашова К№7	in stock	218.00 UAH	31
FOE78D	Авторынок Барабашова К№7	in stock	286.00 UAH	58
FOE34D	Авторынок Барабашова К№7	in stock	235.00 UAH	5
FOE133D	Авторынок Барабашова К№7	in stock	195.00 UAH	59
B1Z023JC	Авторынок Барабашова К№7	in stock	195.00 UAH	1
FOM206	Авторынок Барабашова К№7	in stock	409.00 UAH	7
FOE146D	Авторынок Барабашова К№7	in stock	325.00 UAH	53
FOE203D	Авторынок Барабашова К№7	in stock	190.00 UAH	49
FOE814D	Авторынок Барабашова К№7	in stock	374.00 UAH	40
FOM297	Авторынок Барабашова К№7	in stock	354.00 UAH	65
FOE192D	Авторынок Барабашова К№7	in stock	208.00 UAH	35
FOE153D1H	Авторынок Барабашова К№7	in stock	187.00 UAH	59
FOE163/4D	Авторынок Барабашова К№7	in stock	198.00 UAH	31
FOE437DH	Авторынок Барабашова К№7	in stock	211.00 UAH	47
FOE437D	Авторынок Барабашова К№7	in stock	227.00 UAH	58
FOE386DH	Авторынок Барабашова К№7	in stock	190.00 UAH	30
FOE386D	Авторынок Барабашова К№7	in stock	199.00 UAH	37
FOE1058D	Авторынок Барабашова К№7	in stock	181.00 UAH	10
FOE1350	Авторынок Барабашова К№7	in stock	312.00 UAH	32
FOE1155D	Авторынок Барабашова К№7	in stock	228.00 UAH	52
FOE96D	Авторынок Барабашова К№7	in stock	228.00 UAH	6
FOE126D	Авторынок Барабашова К№7	in stock	269.00 UAH	28
FOE399D	Авторынок Барабашова К№7	in stock	206.00 UAH	56
FOM100	Авторынок Барабашова К№7	in stock	186.00 UAH	68
FOM100S	Авторынок Барабашова К№7	in stock	184.00 UAH	66
FOE128/1D	Авторынок Барабашова К№7	in stock	280.00 UAH	48
FOE254D4	Авторынок Барабашова К№7	in stock	257.00 UAH	9
FOELR133455	Авторынок Барабашова К№7	in stock	394.00 UAH	28
FOE209D	Авторынок Барабашова К№7	in stock	201.00 UAH	39
FOM1566	Авторынок Барабашова К№7	in stock	180.00 UAH	31
FOM475	Авторынок Барабашова К№7	in stock	180.00 UAH	67
FOM978	Авторынок Барабашова К№7	in stock	199.00 UAH	13
FOE415D	Авторынок Барабашова К№7	in stock	195.00 UAH	17
FOM727	Авторынок Барабашова К№7	in stock	187.00 UAH	72
FOE210DH	Авторынок Барабашова К№7	in stock	203.00 UAH	36
FOE210D	Авторынок Барабашова К№7	in stock	228.00 UAH	26
FOE389/1P	Авторынок Барабашова К№7	in stock	222.00 UAH	58
L460	Авторынок Барабашова К№7	in stock	383.00 UAH	100
152093920R	Авторынок Барабашова К№7	in stock	454.00 UAH	187
FOM121	Авторынок Барабашова К№7	in stock	428.00 UAH	8
FOE346D	Авторынок Барабашова К№7	in stock	193.00 UAH	57
FOE1141D	Авторынок Барабашова К№7	in stock	216.00 UAH	20
FOE413D2	Авторынок Барабашова К№7	in stock	198.00 UAH	60
FOE414D1	Авторынок Барабашова К№7	in stock	194.00 UAH	61
FOE554D2	Авторынок Барабашова К№7	in stock	203.00 UAH	47
FOM456	Авторынок Барабашова К№7	in stock	270.00 UAH	68
FOM51	Авторынок Барабашова К№7	in stock	222.00 UAH	40
FOM593/4	Авторынок Барабашова К№7	in stock	241.00 UAH	68
FOM977/1	Авторынок Барабашова К№7	in stock	198.00 UAH	71
FOE787D	Авторынок Барабашова К№7	in stock	198.00 UAH	63
FOE05L115562A	Авторынок Барабашова К№7	in stock	288.00 UAH	51
FOM404	Авторынок Барабашова К№7	in stock	439.00 UAH	65
FOM485	Авторынок Барабашова К№7	in stock	249.00 UAH	61
FOE164D	Авторынок Барабашова К№7	in stock	224.00 UAH	63
ADV182125	Авторынок Барабашова К№7	in stock	276.00 UAH	30
FOE983D	Авторынок Барабашова К№7	in stock	258.00 UAH	22
FOE360D	Авторынок Барабашова К№7	in stock	182.00 UAH	62
FOM105	Авторынок Барабашова К№7	in stock	257.00 UAH	75
FOM1397	Авторынок Барабашова К№7	in stock	225.00 UAH	67
FOM1053	Авторынок Барабашова К№7	in stock	226.00 UAH	55
FOE188H	Авторынок Барабашова К№7	in stock	200.00 UAH	71
FOE356D	Авторынок Барабашова К№7	in stock	273.00 UAH	40
FOE381D	Авторынок Барабашова К№7	in stock	223.00 UAH	58
FOE420D	Авторынок Барабашова К№7	in stock	219.00 UAH	61
FOE057198405D	Авторынок Барабашова К№7	in stock	370.00 UAH	54
FOE196/3D	Авторынок Барабашова К№7	in stock	275.00 UAH	47
FOE149D	Авторынок Барабашова К№7	in stock	212.00 UAH	51
FOE1075D	Авторынок Барабашова К№7	in stock	249.00 UAH	59
FOE433D	Авторынок Барабашова К№7	in stock	276.00 UAH	57
FOE32257123	Авторынок Барабашова К№7	in stock	295.00 UAH	39
FOE32257032	Авторынок Барабашова К№7	in stock	316.00 UAH	52
OC977/1	Авторынок Барабашова К№7	in stock	339.00 UAH	128
FOMD260	Авторынок Барабашова К№7	in stock	280.00 UAH	55
FOE1171D	Авторынок Барабашова К№7	in stock	256.00 UAH	15
FOE1137D	Авторынок Барабашова К№7	in stock	394.00 UAH	44
B3W028PR	Авторынок Барабашова К№7	in stock	474.00 UAH	4
FM778	Авторынок Барабашова К№7	in stock	338.00 UAH	48
FE86/1D	Авторынок Барабашова К№7	in stock	434.00 UAH	40
ADV182312	Авторынок Барабашова К№7	in stock	769.00 UAH	32
FM570	Авторынок Барабашова К№7	in stock	729.00 UAH	6
FM592	Авторынок Барабашова К№7	in stock	723.00 UAH	41
FE7008	Авторынок Барабашова К№7	in stock	602.00 UAH	55
FM554D	Авторынок Барабашова К№7	in stock	331.00 UAH	8
FM596	Авторынок Барабашова К№7	in stock	528.00 UAH	58
FM1102	Авторынок Барабашова К№7	in stock	635.00 UAH	58
FM7012	Авторынок Барабашова К№7	in stock	783.00 UAH	29
FM658	Авторынок Барабашова К№7	in stock	722.00 UAH	49
FE494D	Авторынок Барабашова К№7	in stock	719.00 UAH	54
FE592	Авторынок Барабашова К№7	in stock	723.00 UAH	11
FM916	Авторынок Барабашова К№7	in stock	570.00 UAH	6
FE493D	Авторынок Барабашова К№7	in stock	458.00 UAH	8
FM28	Авторынок Барабашова К№7	in stock	274.00 UAH	60
FM169/4D	Авторынок Барабашова К№7	in stock	480.00 UAH	38
FM736/1D	Авторынок Барабашова К№7	in stock	660.00 UAH	56
FM983D	Авторынок Барабашова К№7	in stock	763.00 UAH	33
FC47	Авторынок Барабашова К№7	in stock	391.00 UAH	34
FM78	Авторынок Барабашова К№7	in stock	501.00 UAH	53
FM149	Авторынок Барабашова К№7	in stock	1346.00 UAH	6
FM66	Авторынок Барабашова К№7	in stock	438.00 UAH	36
FE69	Авторынок Барабашова К№7	in stock	262.00 UAH	58
FM478	Авторынок Барабашова К№7	in stock	643.00 UAH	50
FM763D	Авторынок Барабашова К№7	in stock	656.00 UAH	59
FM872/7	Авторынок Барабашова К№7	in stock	1048.00 UAH	42
FM96	Авторынок Барабашова К№7	in stock	1352.00 UAH	55
FMH12	Авторынок Барабашова К№7	in stock	1630.00 UAH	54
FM167	Авторынок Барабашова К№7	in stock	1212.00 UAH	3
KL174	Авторынок Барабашова К№7	in stock	1119.00 UAH	30
FM775	Авторынок Барабашова К№7	in stock	386.00 UAH	8
102030	Авторынок Барабашова К№7	in stock	584.00 UAH	27
FE87D	Авторынок Барабашова К№7	in stock	206.00 UAH	43
FE84DH	Авторынок Барабашова К№7	in stock	224.00 UAH	27
FE23D	Авторынок Барабашова К№7	in stock	183.00 UAH	63
FM418	Авторынок Барабашова К№7	in stock	790.00 UAH	7
FC188	Авторынок Барабашова К№7	in stock	299.00 UAH	61
FM404/25	Авторынок Барабашова К№7	in stock	559.00 UAH	46
FE332	Авторынок Барабашова К№7	in stock	207.00 UAH	60
FE181D	Авторынок Барабашова К№7	in stock	384.00 UAH	28
FM566	Авторынок Барабашова К№7	in stock	403.00 UAH	43
FE398	Авторынок Барабашова К№7	in stock	385.00 UAH	55
FC195	Авторынок Барабашова К№7	in stock	314.00 UAH	7
FC18	Авторынок Барабашова К№7	in stock	245.00 UAH	30
FC140	Авторынок Барабашова К№7	in stock	264.00 UAH	11
FE201DH	Авторынок Барабашова К№7	in stock	233.00 UAH	35
FE201D	Авторынок Барабашова К№7	in stock	271.00 UAH	11
FE331D	Авторынок Барабашова К№7	in stock	303.00 UAH	57
FE85DH	Авторынок Барабашова К№7	in stock	206.00 UAH	60
FE85D	Авторынок Барабашова К№7	in stock	301.00 UAH	61
FC59	Авторынок Барабашова К№7	in stock	198.00 UAH	57
FE10458	Авторынок Барабашова К№7	in stock	2539.00 UAH	36
FM173	Авторынок Барабашова К№7	in stock	343.00 UAH	60
FM483	Авторынок Барабашова К№7	in stock	376.00 UAH	6
FM458	Авторынок Барабашова К№7	in stock	307.00 UAH	14
FM559	Авторынок Барабашова К№7	in stock	217.00 UAH	56
FE229D	Авторынок Барабашова К№7	in stock	212.00 UAH	58
FM181	Авторынок Барабашова К№7	in stock	253.00 UAH	33
FM581	Авторынок Барабашова К№7	in stock	1056.00 UAH	12
FM230	Авторынок Барабашова К№7	in stock	353.00 UAH	22
FM409	Авторынок Барабашова К№7	in stock	257.00 UAH	38
FE393D	Авторынок Барабашова К№7	in stock	287.00 UAH	59
FM99	Авторынок Барабашова К№7	in stock	333.00 UAH	3
FC204	Авторынок Барабашова К№7	in stock	477.00 UAH	7
FC502	Авторынок Барабашова К№7	in stock	453.00 UAH	56
FE387D	Авторынок Барабашова К№7	in stock	397.00 UAH	61
FE344D	Авторынок Барабашова К№7	in stock	276.00 UAH	37
FM185	Авторынок Барабашова К№7	in stock	253.00 UAH	58
FE31920S1900	Авторынок Барабашова К№7	in stock	717.00 UAH	44
FC605D	Авторынок Барабашова К№7	in stock	313.00 UAH	59
FC5	Авторынок Барабашова К№7	in stock	204.00 UAH	64
FM164001BY1D	Авторынок Барабашова К№7	in stock	2074.00 UAH	56
FE445D	Авторынок Барабашова К№7	in stock	234.00 UAH	2
FC182	Авторынок Барабашова К№7	in stock	323.00 UAH	23
FE340D	Авторынок Барабашова К№7	in stock	233.00 UAH	30
FE397	Авторынок Барабашова К№7	in stock	516.00 UAH	7
FE399D	Авторынок Барабашова К№7	in stock	282.00 UAH	55
FC82	Авторынок Барабашова К№7	in stock	206.00 UAH	56
FM1044	Авторынок Барабашова К№7	in stock	653.00 UAH	19
FC102	Авторынок Барабашова К№7	in stock	241.00 UAH	36
FM33	Авторынок Барабашова К№7	in stock	144.00 UAH	57
FC22	Авторынок Барабашова К№7	in stock	212.00 UAH	53
FE68D	Авторынок Барабашова К№7	in stock	202.00 UAH	52
FM911	Авторынок Барабашова К№7	in stock	1653.00 UAH	29
FE533KIT	Авторынок Барабашова К№7	in stock	839.00 UAH	63
FM87	Авторынок Барабашова К№7	in stock	933.00 UAH	50
FM723D	Авторынок Барабашова К№7	in stock	470.00 UAH	41
FM913	Авторынок Барабашова К№7	in stock	1382.00 UAH	49
FM169/6D	Авторынок Барабашова К№7	in stock	846.00 UAH	54
FM82	Авторынок Барабашова К№7	in stock	937.00 UAH	15
FE70D	Авторынок Барабашова К№7	in stock	212.00 UAH	50
FM179	Авторынок Барабашова К№7	in stock	329.00 UAH	41
FM490D	Авторынок Барабашова К№7	in stock	521.00 UAH	21
FM490/1D	Авторынок Барабашова К№7	in stock	440.00 UAH	58
FM155/1	Авторынок Барабашова К№7	in stock	401.00 UAH	21
FE2114703994	Авторынок Барабашова К№7	in stock	458.00 UAH	13
FM914	Авторынок Барабашова К№7	in stock	1345.00 UAH	64
FM950	Авторынок Барабашова К№7	in stock	1266.00 UAH	33
FM947	Авторынок Барабашова К№7	in stock	1311.00 UAH	54
FM228/2D	Авторынок Барабашова К№7	in stock	400.00 UAH	57
FM100/2	Авторынок Барабашова К№7	in stock	285.00 UAH	60
FM912	Авторынок Барабашова К№7	in stock	1435.00 UAH	9
FM195	Авторынок Барабашова К№7	in stock	392.00 UAH	4
FM174	Авторынок Барабашова К№7	in stock	321.00 UAH	62
FE67/2D	Авторынок Барабашова К№7	in stock	239.00 UAH	16
FM38	Авторынок Барабашова К№7	in stock	313.00 UAH	19
FE191/1D	Авторынок Барабашова К№7	in stock	401.00 UAH	59
FC135	Авторынок Барабашова К№7	in stock	259.00 UAH	9
50 013 158	Авторынок Барабашова К№7	in stock	266.00 UAH	38
FC208	Авторынок Барабашова К№7	in stock	239.00 UAH	52
FC67	Авторынок Барабашова К№7	in stock	220.00 UAH	4
FM164005X21B	Авторынок Барабашова К№7	in stock	1600.00 UAH	18
FM909	Авторынок Барабашова К№7	in stock	1641.00 UAH	22
FM440/14	Авторынок Барабашова К№7	in stock	574.00 UAH	43
FM440/35	Авторынок Барабашова К№7	in stock	614.00 UAH	6
FE491D	Авторынок Барабашова К№7	in stock	464.00 UAH	57
FE78D	Авторынок Барабашова К№7	in stock	190.00 UAH	2
FE231DH	Авторынок Барабашова К№7	in stock	195.00 UAH	33
FE231D	Авторынок Барабашова К№7	in stock	251.00 UAH	59
FM568	Авторынок Барабашова К№7	in stock	605.00 UAH	28
FM792	Авторынок Барабашова К№7	in stock	503.00 UAH	63
FE10509	Авторынок Барабашова К№7	in stock	608.00 UAH	40
FE404D	Авторынок Барабашова К№7	in stock	303.00 UAH	56
FE83DH	Авторынок Барабашова К№7	in stock	207.00 UAH	57
FC197	Авторынок Барабашова К№7	in stock	313.00 UAH	52
FC251	Авторынок Барабашова К№7	in stock	591.00 UAH	56
FE81D	Авторынок Барабашова К№7	in stock	191.00 UAH	60
FM832D	Авторынок Барабашова К№7	in stock	878.00 UAH	55
FE75D	Авторынок Барабашова К№7	in stock	219.00 UAH	30
FM781	Авторынок Барабашова К№7	in stock	436.00 UAH	45
FM600D	Авторынок Барабашова К№7	in stock	439.00 UAH	64
FM638	Авторынок Барабашова К№7	in stock	382.00 UAH	51
FM414	Авторынок Барабашова К№7	in stock	941.00 UAH	21
FM834	Авторынок Барабашова К№7	in stock	479.00 UAH	64
FM639D	Авторынок Барабашова К№7	in stock	526.00 UAH	18
FE338/26D	Авторынок Барабашова К№7	in stock	431.00 UAH	65
FM1027	Авторынок Барабашова К№7	in stock	1721.00 UAH	56
FE204DH	Авторынок Барабашова К№7	in stock	213.00 UAH	72
FE183DH	Авторынок Барабашова К№7	in stock	214.00 UAH	66
FE183D	Авторынок Барабашова К№7	in stock	211.00 UAH	2
FM497D	Авторынок Барабашова К№7	in stock	368.00 UAH	47
FM494	Авторынок Барабашова К№7	in stock	307.00 UAH	49
FE22476	Авторынок Барабашова К№7	in stock	329.00 UAH	3
FM134	Авторынок Барабашова К№7	in stock	270.00 UAH	5
FC389	Авторынок Барабашова К№7	in stock	284.00 UAH	3
FE573D	Авторынок Барабашова К№7	in stock	245.00 UAH	7
FM456	Авторынок Барабашова К№7	in stock	235.00 UAH	43
FE2339011231	Авторынок Барабашова К№7	in stock	1324.00 UAH	4
FC75	Авторынок Барабашова К№7	in stock	295.00 UAH	63
FM2H6127401E	Авторынок Барабашова К№7	in stock	915.00 UAH	54
FM10046	Авторынок Барабашова К№7	in stock	969.00 UAH	54
FM787	Авторынок Барабашова К№7	in stock	679.00 UAH	43
FM103	Авторынок Барабашова К№7	in stock	262.00 UAH	6
FE222D	Авторынок Барабашова К№7	in stock	228.00 UAH	65
FM79	Авторынок Барабашова К№7	in stock	206.00 UAH	69
FC69	Авторынок Барабашова К№7	in stock	318.00 UAH	14
FM176/6D	Авторынок Барабашова К№7	in stock	372.00 UAH	61
FE3C0127434A	Авторынок Барабашова К№7	in stock	484.00 UAH	59
FE492	Авторынок Барабашова К№7	in stock	382.00 UAH	57
FE386	Авторынок Барабашова К№7	in stock	337.00 UAH	61
FE217D	Авторынок Барабашова К№7	in stock	254.00 UAH	50
FE200D/S	Авторынок Барабашова К№7	in stock	485.00 UAH	55
FM476	Авторынок Барабашова К№7	in stock	331.00 UAH	55
102015	Авторынок Барабашова К№7	in stock	353.00 UAH	26
FM229/2	Авторынок Барабашова К№7	in stock	967.00 UAH	21
FE192D	Авторынок Барабашова К№7	in stock	336.00 UAH	7
FE341	Авторынок Барабашова К№7	in stock	322.00 UAH	59
FM705	Авторынок Барабашова К№7	in stock	468.00 UAH	54
FM116	Авторынок Барабашова К№7	in stock	52.00 UAH	94
FM13B	Авторынок Барабашова К№7	in stock	133.00 UAH	4
FC7040	Авторынок Барабашова К№7	in stock	252.00 UAH	54
FC270	Авторынок Барабашова К№7	in stock	508.00 UAH	57
FC200	Авторынок Барабашова К№7	in stock	704.00 UAH	56
FC429D	Авторынок Барабашова К№7	in stock	652.00 UAH	56
FC420X	Авторынок Барабашова К№7	in stock	720.00 UAH	5
FC270X	Авторынок Барабашова К№7	in stock	592.00 UAH	55
SX27127	Авторынок Барабашова К№7	in stock	734.00 UAH	55
SX49091	Авторынок Барабашова К№7	in stock	726.00 UAH	49
SX49530	Авторынок Барабашова К№7	in stock	629.00 UAH	60
SX46802	Авторынок Барабашова К№7	in stock	305.00 UAH	57
SX42844	Авторынок Барабашова К№7	in stock	271.00 UAH	11
SX49610	Авторынок Барабашова К№7	in stock	299.00 UAH	40
SX10339	Авторынок Барабашова К№7	in stock	456.00 UAH	57
SX10907	Авторынок Барабашова К№7	in stock	729.00 UAH	60
SX49050	Авторынок Барабашова К№7	in stock	318.00 UAH	58
SX17220RKGA00	Авторынок Барабашова К№7	in stock	259.00 UAH	6
SX1026	Авторынок Барабашова К№7	in stock	294.00 UAH	53
SX2790	Авторынок Барабашова К№7	in stock	385.00 UAH	13
SX4077	Авторынок Барабашова К№7	in stock	338.00 UAH	9
SX819	Авторынок Барабашова К№7	in stock	272.00 UAH	28
SX2046	Авторынок Барабашова К№7	in stock	227.00 UAH	66
SX2046NB	Авторынок Барабашова К№7	in stock	211.00 UAH	9
SXM17009	Авторынок Барабашова К№7	in stock	388.00 UAH	45
SX2092D	Авторынок Барабашова К№7	in stock	445.00 UAH	6
SX8W0133843A	Авторынок Барабашова К№7	in stock	406.00 UAH	67
SX339	Авторынок Барабашова К№7	in stock	280.00 UAH	59
SX4K0133844E	Авторынок Барабашова К№7	in stock	759.00 UAH	24
SX4E0129620B	Авторынок Барабашова К№7	in stock	338.00 UAH	50
SX4H0129620L	Авторынок Барабашова К№7	in stock	318.00 UAH	1
SXM17023	Авторынок Барабашова К№7	in stock	419.00 UAH	11
SX1275	Авторынок Барабашова К№7	in stock	264.00 UAH	4
SX3233/6	Авторынок Барабашова К№7	in stock	1152.00 UAH	53
SX823	Авторынок Барабашова К№7	in stock	404.00 UAH	63
SX1640	Авторынок Барабашова К№7	in stock	324.00 UAH	5
SX1035	Авторынок Барабашова К№7	in stock	447.00 UAH	22
SX1650	Авторынок Барабашова К№7	in stock	361.00 UAH	56
SX1590	Авторынок Барабашова К№7	in stock	1080.00 UAH	53
SX1564	Авторынок Барабашова К№7	in stock	439.00 UAH	37
SX2076/1	Авторынок Барабашова К№7	in stock	366.00 UAH	54
SX3320	Авторынок Барабашова К№7	in stock	445.00 UAH	1
SX2077/3NB	Авторынок Барабашова К№7	in stock	198.00 UAH	6
SX2077/3	Авторынок Барабашова К№7	in stock	222.00 UAH	62
SX2077/4	Авторынок Барабашова К№7	in stock	238.00 UAH	58
SX2077/4NB	Авторынок Барабашова К№7	in stock	232.00 UAH	18
SX105	Авторынок Барабашова К№7	in stock	229.00 UAH	35
SX500	Авторынок Барабашова К№7	in stock	267.00 UAH	8
SX467	Авторынок Барабашова К№7	in stock	437.00 UAH	6
SX467/1	Авторынок Барабашова К№7	in stock	363.00 UAH	31
SX343	Авторынок Барабашова К№7	in stock	222.00 UAH	58
SX759	Авторынок Барабашова К№7	in stock	391.00 UAH	20
SX3985/2	Авторынок Барабашова К№7	in stock	602.00 UAH	11
SX408	Авторынок Барабашова К№7	in stock	251.00 UAH	56
SX944	Авторынок Барабашова К№7	in stock	312.00 UAH	29
SX1261	Авторынок Барабашова К№7	in stock	347.00 UAH	11
SX1741	Авторынок Барабашова К№7	in stock	437.00 UAH	58
SX1684/5	Авторынок Барабашова К№7	in stock	981.00 UAH	47
SX4084	Авторынок Барабашова К№7	in stock	236.00 UAH	11
SX2525	Авторынок Барабашова К№7	in stock	253.00 UAH	61
SX10983	Авторынок Барабашова К№7	in stock	635.00 UAH	57
SX10982	Авторынок Барабашова К№7	in stock	537.00 UAH	54
SX494	Авторынок Барабашова К№7	in stock	258.00 UAH	53
SX778	Авторынок Барабашова К№7	in stock	324.00 UAH	12
SX1781/2	Авторынок Барабашова К№7	in stock	303.00 UAH	45
SX4059	Авторынок Барабашова К№7	in stock	310.00 UAH	6
SX1250	Авторынок Барабашова К№7	in stock	295.00 UAH	2
SX1991	Авторынок Барабашова К№7	in stock	315.00 UAH	34
SX2067	Авторынок Барабашова К№7	in stock	568.00 UAH	61
SX2097	Авторынок Барабашова К№7	in stock	381.00 UAH	23
SX2098	Авторынок Барабашова К№7	in stock	386.00 UAH	30
SX2036	Авторынок Барабашова К№7	in stock	375.00 UAH	25
SX2991/1	Авторынок Барабашова К№7	in stock	831.00 UAH	11
SX3557/1	Авторынок Барабашова К№7	in stock	2626.00 UAH	36
SX3105	Авторынок Барабашова К№7	in stock	542.00 UAH	65
SX10718	Авторынок Барабашова К№7	in stock	413.00 UAH	9
SX49634	Авторынок Барабашова К№7	in stock	735.00 UAH	67
SX10650	Авторынок Барабашова К№7	in stock	777.00 UAH	47
SX10719	Авторынок Барабашова К№7	in stock	957.00 UAH	35
SX4711	Авторынок Барабашова К№7	in stock	323.00 UAH	4
SX46902	Авторынок Барабашова К№7	in stock	424.00 UAH	57
SX42729	Авторынок Барабашова К№7	in stock	642.00 UAH	7
SXJ691109111	Авторынок Барабашова К№7	in stock	223.00 UAH	7
SX49830	Авторынок Барабашова К№7	in stock	567.00 UAH	69
SX10651	Авторынок Барабашова К№7	in stock	964.00 UAH	41
SX10431	Авторынок Барабашова К№7	in stock	848.00 UAH	54
SX10432	Авторынок Барабашова К№7	in stock	848.00 UAH	54
SX10433	Авторынок Барабашова К№7	in stock	961.00 UAH	58
SX10400	Авторынок Барабашова К№7	in stock	935.00 UAH	50
SX10941	Авторынок Барабашова К№7	in stock	771.00 UAH	20
SX42488	Авторынок Барабашова К№7	in stock	391.00 UAH	55
SX49158	Авторынок Барабашова К№7	in stock	683.00 UAH	12
SX49498	Авторынок Барабашова К№7	in stock	406.00 UAH	20
SX42864	Авторынок Барабашова К№7	in stock	415.00 UAH	37
SX3149	Авторынок Барабашова К№7	in stock	251.00 UAH	56
SXT11-1109111AC	Авторынок Барабашова К№7	in stock	245.00 UAH	42
SXT21-1109111	Авторынок Барабашова К№7	in stock	247.00 UAH	60
SXT15-1109111	Авторынок Барабашова К№7	in stock	306.00 UAH	46
SXA211109111	Авторынок Барабашова К№7	in stock	256.00 UAH	53
SX1984	Авторынок Барабашова К№7	in stock	211.00 UAH	4
SX1997	Авторынок Барабашова К№7	in stock	243.00 UAH	49
SX10560	Авторынок Барабашова К№7	in stock	613.00 UAH	10
SX49475	Авторынок Барабашова К№7	in stock	421.00 UAH	61
SX2965M	Авторынок Барабашова К№7	in stock	271.00 UAH	31
SX49102	Авторынок Барабашова К№7	in stock	453.00 UAH	8
SX10256	Авторынок Барабашова К№7	in stock	581.00 UAH	11
SX49727	Авторынок Барабашова К№7	in stock	738.00 UAH	13
SX10771	Авторынок Барабашова К№7	in stock	351.00 UAH	25
SX46573	Авторынок Барабашова К№7	in stock	684.00 UAH	14
SX827NB	Авторынок Барабашова К№7	in stock	181.00 UAH	85
SX827LPG	Авторынок Барабашова К№7	in stock	210.00 UAH	19
SX827LPGNB	Авторынок Барабашова К№7	in stock	193.00 UAH	12
SX49264	Авторынок Барабашова К№7	in stock	233.00 UAH	18
SX2690	Авторынок Барабашова К№7	in stock	239.00 UAH	37
SX3152	Авторынок Барабашова К№7	in stock	245.00 UAH	50
SX4242	Авторынок Барабашова К№7	in stock	259.00 UAH	56
SX11180	Авторынок Барабашова К№7	in stock	803.00 UAH	37
SX10423	Авторынок Барабашова К№7	in stock	325.00 UAH	30
SX10296	Авторынок Барабашова К№7	in stock	366.00 UAH	15
SX10296NB	Авторынок Барабашова К№7	in stock	276.00 UAH	6
SX1288	Авторынок Барабашова К№7	in stock	235.00 UAH	10
SX2108	Авторынок Барабашова К№7	in stock	245.00 UAH	9
SX49746	Авторынок Барабашова К№7	in stock	582.00 UAH	57
SX42843	Авторынок Барабашова К№7	in stock	260.00 UAH	57
SX2088	Авторынок Барабашова К№7	in stock	364.00 UAH	18
SX10649	Авторынок Барабашова К№7	in stock	436.00 UAH	16
SX1758	Авторынок Барабашова К№7	in stock	233.00 UAH	56
SX1661	Авторынок Барабашова К№7	in stock	257.00 UAH	24
SX49737	Авторынок Барабашова К№7	in stock	642.00 UAH	63
SX573	Авторынок Барабашова К№7	in stock	192.00 UAH	1
SX3987	Авторынок Барабашова К№7	in stock	209.00 UAH	1
SX3955KIT	Авторынок Барабашова К№7	in stock	274.00 UAH	36
SX1745	Авторынок Барабашова К№7	in stock	229.00 UAH	24
SX1452	Авторынок Барабашова К№7	in stock	197.00 UAH	4
SX1452NB	Авторынок Барабашова К№7	in stock	182.00 UAH	3
SX852	Авторынок Барабашова К№7	in stock	264.00 UAH	56
SX486	Авторынок Барабашова К№7	in stock	239.00 UAH	60
SX795	Авторынок Барабашова К№7	in stock	204.00 UAH	21
SX1568	Авторынок Барабашова К№7	in stock	220.00 UAH	23
SX1568NB	Авторынок Барабашова К№7	in stock	206.00 UAH	8
SX715	Авторынок Барабашова К№7	in stock	259.00 UAH	15
SX731	Авторынок Барабашова К№7	in stock	278.00 UAH	19
SX694	Авторынок Барабашова К№7	in stock	255.00 UAH	58
SX2995NB	Авторынок Барабашова К№7	in stock	211.00 UAH	66
SX1001	Авторынок Барабашова К№7	in stock	190.00 UAH	4
SX3245	Авторынок Барабашова К№7	in stock	229.00 UAH	54
SX3456	Авторынок Барабашова К№7	in stock	209.00 UAH	10
SX1634	Авторынок Барабашова К№7	in stock	240.00 UAH	30
SX1497	Авторынок Барабашова К№7	in stock	270.00 UAH	21
SX3754	Авторынок Барабашова К№7	in stock	255.00 UAH	66
SX1619	Авторынок Барабашова К№7	in stock	244.00 UAH	8
SX290	Авторынок Барабашова К№7	in stock	258.00 UAH	7
SX478/1	Авторынок Барабашова К№7	in stock	295.00 UAH	60
SX2738	Авторынок Барабашова К№7	in stock	244.00 UAH	9
SX333	Авторынок Барабашова К№7	in stock	250.00 UAH	17
SX642	Авторынок Барабашова К№7	in stock	237.00 UAH	5
SX502	Авторынок Барабашова К№7	in stock	232.00 UAH	57
SX645/1	Авторынок Барабашова К№7	in stock	240.00 UAH	57
SX2637	Авторынок Барабашова К№7	in stock	241.00 UAH	1
0218-02-0716P	Авторынок Барабашова К№7	in stock	1200.00 UAH	1
0218-02-0063P	Авторынок Барабашова К№7	in stock	900.00 UAH	1
SX1655NB	Авторынок Барабашова К№7	in stock	193.00 UAH	10
SX1655	Авторынок Барабашова К№7	in stock	216.00 UAH	22
WA9639	Авторынок Барабашова К№7	in stock	361.00 UAH	5
SX316	Авторынок Барабашова К№7	in stock	208.00 UAH	15
SX1025	Авторынок Барабашова К№7	in stock	1266.00 UAH	45
SX3753	Авторынок Барабашова К№7	in stock	1306.00 UAH	18
SX4423	Авторынок Барабашова К№7	in stock	244.00 UAH	9
SX49014	Авторынок Барабашова К№7	in stock	347.00 UAH	66
SX10008	Авторынок Барабашова К№7	in stock	586.00 UAH	16
SX10008NB	Авторынок Барабашова К№7	in stock	499.00 UAH	4
SX1836	Авторынок Барабашова К№7	in stock	276.00 UAH	21
SX42725	Авторынок Барабашова К№7	in stock	375.00 UAH	6
SX4298	Авторынок Барабашова К№7	in stock	385.00 UAH	8
SXE1340L	Авторынок Барабашова К№7	in stock	326.00 UAH	36
SX10006	Авторынок Барабашова К№7	in stock	614.00 UAH	28
SX49048	Авторынок Барабашова К№7	in stock	664.00 UAH	51
SX2087	Авторынок Барабашова К№7	in stock	258.00 UAH	26
SX3597	Авторынок Барабашова К№7	in stock	282.00 UAH	56
SX618	Авторынок Барабашова К№7	in stock	239.00 UAH	33
SX580	Авторынок Барабашова К№7	in stock	192.00 UAH	4
SX1920	Авторынок Барабашова К№7	in stock	232.00 UAH	64
SX1920NB	Авторынок Барабашова К№7	in stock	217.00 UAH	58
SX1968	Авторынок Барабашова К№7	in stock	227.00 UAH	59
SX1846NB	Авторынок Барабашова К№7	in stock	218.00 UAH	1
SX853	Авторынок Барабашова К№7	in stock	312.00 UAH	2
SX855	Авторынок Барабашова К№7	in stock	256.00 UAH	23
SX2682	Авторынок Барабашова К№7	in stock	290.00 UAH	59
SX1143	Авторынок Барабашова К№7	in stock	231.00 UAH	8
SX3455	Авторынок Барабашова К№7	in stock	286.00 UAH	58
SX152	Авторынок Барабашова К№7	in stock	166.00 UAH	1
SX1617	Авторынок Барабашова К№7	in stock	227.00 UAH	20
SX1617NB	Авторынок Барабашова К№7	in stock	195.00 UAH	2
SX2022NB	Авторынок Барабашова К№7	in stock	226.00 UAH	59
SX572	Авторынок Барабашова К№7	in stock	224.00 UAH	14
SX572NB	Авторынок Барабашова К№7	in stock	214.00 UAH	4
SX1295	Авторынок Барабашова К№7	in stock	240.00 UAH	57
SX1295NB	Авторынок Барабашова К№7	in stock	227.00 UAH	35
SX1074	Авторынок Барабашова К№7	in stock	258.00 UAH	36
SX1073	Авторынок Барабашова К№7	in stock	271.00 UAH	46
SX454	Авторынок Барабашова К№7	in stock	194.00 UAH	64
SX4333	Авторынок Барабашова К№7	in stock	314.00 UAH	58
SX453	Авторынок Барабашова К№7	in stock	209.00 UAH	2
SXS211109111	Авторынок Барабашова К№7	in stock	213.00 UAH	1
SX10832	Авторынок Барабашова К№7	in stock	276.00 UAH	58
SX46418	Авторынок Барабашова К№7	in stock	543.00 UAH	14
SX20016	Авторынок Барабашова К№7	in stock	266.00 UAH	1
SX1285	Авторынок Барабашова К№7	in stock	271.00 UAH	55
SX435	Авторынок Барабашова К№7	in stock	246.00 UAH	50
SX49883	Авторынок Барабашова К№7	in stock	444.00 UAH	52
SX10679	Авторынок Барабашова К№7	in stock	1516.00 UAH	35
SX10905	Авторынок Барабашова К№7	in stock	678.00 UAH	61
SX2633	Авторынок Барабашова К№7	in stock	216.00 UAH	58
SX337	Авторынок Барабашова К№7	in stock	216.00 UAH	5
SX687	Авторынок Барабашова К№7	in stock	219.00 UAH	29
SX1813	Авторынок Барабашова К№7	in stock	242.00 UAH	5
SX1570	Авторынок Барабашова К№7	in stock	229.00 UAH	14
SX1780/3S	Авторынок Барабашова К№7	in stock	415.00 UAH	63
SX49114	Авторынок Барабашова К№7	in stock	578.00 UAH	36
SX692	Авторынок Барабашова К№7	in stock	216.00 UAH	2
SX799	Авторынок Барабашова К№7	in stock	236.00 UAH	2
SX978	Авторынок Барабашова К№7	in stock	233.00 UAH	11
SX522	Авторынок Барабашова К№7	in stock	243.00 UAH	4
SX521	Авторынок Барабашова К№7	in stock	268.00 UAH	1
SX10315	Авторынок Барабашова К№7	in stock	336.00 UAH	10
SX49201	Авторынок Барабашова К№7	in stock	647.00 UAH	59
SX26040	Авторынок Барабашова К№7	in stock	718.00 UAH	39
SX10909	Авторынок Барабашова К№7	in stock	387.00 UAH	13
SX3458	Авторынок Барабашова К№7	in stock	408.00 UAH	7
SX579	Авторынок Барабашова К№7	in stock	246.00 UAH	1
SX119	Авторынок Барабашова К№7	in stock	233.00 UAH	37
SX294	Авторынок Барабашова К№7	in stock	240.00 UAH	28
SX4403	Авторынок Барабашова К№7	in stock	356.00 UAH	7
SX935MNB	Авторынок Барабашова К№7	in stock	235.00 UAH	5
SX583	Авторынок Барабашова К№7	in stock	237.00 UAH	61
SX2065/1	Авторынок Барабашова К№7	in stock	313.00 UAH	45
SX857	Авторынок Барабашова К№7	in stock	238.00 UAH	56
SX492	Авторынок Барабашова К№7	in stock	233.00 UAH	36
SX798/1MNB	Авторынок Барабашова К№7	in stock	204.00 UAH	9
SX798/1M	Авторынок Барабашова К№7	in stock	214.00 UAH	47
SX798/1NB	Авторынок Барабашова К№7	in stock	189.00 UAH	8
SX10316	Авторынок Барабашова К№7	in stock	740.00 UAH	22
SX5182117	Авторынок Барабашова К№7	in stock	213.00 UAH	13
SX935/3	Авторынок Барабашова К№7	in stock	251.00 UAH	8
SX935/3NB	Авторынок Барабашова К№7	in stock	238.00 UAH	2
SX46936	Авторынок Барабашова К№7	in stock	938.00 UAH	56
SX1016000577	Авторынок Барабашова К№7	in stock	197.00 UAH	3
SX1016000577NB	Авторынок Барабашова К№7	in stock	188.00 UAH	68
SX266	Авторынок Барабашова К№7	in stock	183.00 UAH	6
SX1109102K00	Авторынок Барабашова К№7	in stock	214.00 UAH	59
SX1109110XKZ16A	Авторынок Барабашова К№7	in stock	246.00 UAH	57
SX4557	Авторынок Барабашова К№7	in stock	324.00 UAH	59
SX1109101K80	Авторынок Барабашова К№7	in stock	254.00 UAH	20
LX3007	Авторынок Барабашова К№7	in stock	897.00 UAH	6
SX1109110XP64XA	Авторынок Барабашова К№7	in stock	286.00 UAH	15
SX10813	Авторынок Барабашова К№7	in stock	279.00 UAH	28
SX10124	Авторынок Барабашова К№7	in stock	331.00 UAH	60
SX2688	Авторынок Барабашова К№7	in stock	249.00 UAH	8
SX1945	Авторынок Барабашова К№7	in stock	246.00 UAH	59
SX667	Авторынок Барабашова К№7	in stock	225.00 UAH	57
SX1075	Авторынок Барабашова К№7	in stock	247.00 UAH	28
SX49040	Авторынок Барабашова К№7	in stock	267.00 UAH	63
SX49041	Авторынок Барабашова К№7	in stock	251.00 UAH	61
SX2835	Авторынок Барабашова К№7	in stock	233.00 UAH	54
SX719	Авторынок Барабашова К№7	in stock	220.00 UAH	6
SX49760	Авторынок Барабашова К№7	in stock	310.00 UAH	62
SX10269	Авторынок Барабашова К№7	in stock	300.00 UAH	17
SX10675	Авторынок Барабашова К№7	in stock	446.00 UAH	6
SX49230	Авторынок Барабашова К№7	in stock	258.00 UAH	9
SX4405	Авторынок Барабашова К№7	in stock	335.00 UAH	55
SX17220-R6A-J00	Авторынок Барабашова К№7	in stock	239.00 UAH	56
SX49390	Авторынок Барабашова К№7	in stock	214.00 UAH	58
SX1993	Авторынок Барабашова К№7	in stock	223.00 UAH	31
SX2693	Авторынок Барабашова К№7	in stock	214.00 UAH	4
SX1768	Авторынок Барабашова К№7	in stock	248.00 UAH	58
SX2123	Авторынок Барабашова К№7	in stock	233.00 UAH	30
SX10967	Авторынок Барабашова К№7	in stock	368.00 UAH	54
SX1049	Авторынок Барабашова К№7	in stock	223.00 UAH	61
SX1562	Авторынок Барабашова К№7	in stock	261.00 UAH	55
SX1689	Авторынок Барабашова К№7	in stock	260.00 UAH	46
SX2675	Авторынок Барабашова К№7	in stock	255.00 UAH	17
SX2618	Авторынок Барабашова К№7	in stock	243.00 UAH	7
SX2647	Авторынок Барабашова К№7	in stock	262.00 UAH	29
SX4658	Авторынок Барабашова К№7	in stock	236.00 UAH	11
SX10212	Авторынок Барабашова К№7	in stock	230.00 UAH	56
SX10394	Авторынок Барабашова К№7	in stock	312.00 UAH	25
SX49009	Авторынок Барабашова К№7	in stock	454.00 UAH	40
SX42013	Авторынок Барабашова К№7	in stock	376.00 UAH	26
SX4040	Авторынок Барабашова К№7	in stock	238.00 UAH	11
SX2963	Авторынок Барабашова К№7	in stock	237.00 UAH	6
SX10271	Авторынок Барабашова К№7	in stock	277.00 UAH	11
SX920	Авторынок Барабашова К№7	in stock	220.00 UAH	5
SX336	Авторынок Барабашова К№7	in stock	232.00 UAH	23
SX3300NP	Авторынок Барабашова К№7	in stock	248.00 UAH	36
SX4941	Авторынок Барабашова К№7	in stock	382.00 UAH	4
SX3538	Авторынок Барабашова К№7	in stock	238.00 UAH	35
SX2752	Авторынок Барабашова К№7	in stock	216.00 UAH	69
SX3355	Авторынок Барабашова К№7	in stock	271.00 UAH	2
SX3265	Авторынок Барабашова К№7	in stock	203.00 UAH	2
SX24023	Авторынок Барабашова К№7	in stock	255.00 UAH	43
SX2648	Авторынок Барабашова К№7	in stock	265.00 UAH	42
SX3271	Авторынок Барабашова К№7	in stock	226.00 UAH	25
SX4238	Авторынок Барабашова К№7	in stock	225.00 UAH	55
SX2739	Авторынок Барабашова К№7	in stock	220.00 UAH	63
SX9713	Авторынок Барабашова К№7	in stock	266.00 UAH	6
SX670	Авторынок Барабашова К№7	in stock	416.00 UAH	16
SX1840	Авторынок Барабашова К№7	in stock	216.00 UAH	18
SX1041	Авторынок Барабашова К№7	in stock	237.00 UAH	7
SX1039	Авторынок Барабашова К№7	in stock	224.00 UAH	17
SX2906	Авторынок Барабашова К№7	in stock	243.00 UAH	6
SX1809	Авторынок Барабашова К№7	in stock	230.00 UAH	12
SX4492	Авторынок Барабашова К№7	in stock	295.00 UAH	81
SX1785	Авторынок Барабашова К№7	in stock	226.00 UAH	91
SX25050	Авторынок Барабашова К№7	in stock	418.00 UAH	12
SX49059	Авторынок Барабашова К№7	in stock	305.00 UAH	55
SX25051	Авторынок Барабашова К№7	in stock	241.00 UAH	39
SX1266	Авторынок Барабашова К№7	in stock	226.00 UAH	44
SX49570	Авторынок Барабашова К№7	in stock	325.00 UAH	3
SX165465NA1C	Авторынок Барабашова К№7	in stock	423.00 UAH	16
SX912	Авторынок Барабашова К№7	in stock	354.00 UAH	8
SX3603	Авторынок Барабашова К№7	in stock	787.00 UAH	8
SX610	Авторынок Барабашова К№7	in stock	500.00 UAH	58
SX4392	Авторынок Барабашова К№7	in stock	250.00 UAH	59
SX4253	Авторынок Барабашова К№7	in stock	682.00 UAH	44
SX4254	Авторынок Барабашова К№7	in stock	682.00 UAH	48
SX1649	Авторынок Барабашова К№7	in stock	250.00 UAH	17
SX1249	Авторынок Барабашова К№7	in stock	308.00 UAH	55
SX10937	Авторынок Барабашова К№7	in stock	305.00 UAH	69
SX49933	Авторынок Барабашова К№7	in stock	270.00 UAH	30
SX10096NB	Авторынок Барабашова К№7	in stock	213.00 UAH	1
SX10096	Авторынок Барабашова К№7	in stock	255.00 UAH	64
SX577	Авторынок Барабашова К№7	in stock	234.00 UAH	2
SX27046	Авторынок Барабашова К№7	in stock	262.00 UAH	54
SX10841	Авторынок Барабашова К№7	in stock	685.00 UAH	61
SX53034019AD	Авторынок Барабашова К№7	in stock	259.00 UAH	26
SX49018	Авторынок Барабашова К№7	in stock	257.00 UAH	34
SX10698	Авторынок Барабашова К№7	in stock	427.00 UAH	57
SX2687	Авторынок Барабашова К№7	in stock	254.00 UAH	59
SX3694	Авторынок Барабашова К№7	in stock	222.00 UAH	61
SX2640	Авторынок Барабашова К№7	in stock	273.00 UAH	60
SX2890	Авторынок Барабашова К№7	in stock	220.00 UAH	72
SX1030	Авторынок Барабашова К№7	in stock	230.00 UAH	11
SX2865	Авторынок Барабашова К№7	in stock	220.00 UAH	26
SX6000	Авторынок Барабашова К№7	in stock	370.00 UAH	15
SX4083	Авторынок Барабашова К№7	in stock	259.00 UAH	55
SX676	Авторынок Барабашова К№7	in stock	303.00 UAH	8
SX49047	Авторынок Барабашова К№7	in stock	291.00 UAH	65
SX10834	Авторынок Барабашова К№7	in stock	568.00 UAH	60
SX4335	Авторынок Барабашова К№7	in stock	277.00 UAH	31
SX4335/1	Авторынок Барабашова К№7	in stock	323.00 UAH	28
SX158NBS	Авторынок Барабашова К№7	in stock	167.00 UAH	6
SX158	Авторынок Барабашова К№7	in stock	174.00 UAH	8
SX220NB	Авторынок Барабашова К№7	in stock	196.00 UAH	112
SX220	Авторынок Барабашова К№7	in stock	200.00 UAH	37
SX220MNB	Авторынок Барабашова К№7	in stock	207.00 UAH	64
SX220M	Авторынок Барабашова К№7	in stock	206.00 UAH	3
SX11398	Авторынок Барабашова К№7	in stock	383.00 UAH	54
SX2031	Авторынок Барабашова К№7	in stock	374.00 UAH	54
SX886	Авторынок Барабашова К№7	in stock	250.00 UAH	29
SX1764	Авторынок Барабашова К№7	in stock	287.00 UAH	5
SX1957	Авторынок Барабашова К№7	in stock	270.00 UAH	34
SX3246	Авторынок Барабашова К№7	in stock	275.00 UAH	9
SX1460	Авторынок Барабашова К№7	in stock	286.00 UAH	2
SX1613	Авторынок Барабашова К№7	in stock	256.00 UAH	32
SX10961	Авторынок Барабашова К№7	in stock	800.00 UAH	9
SX46464	Авторынок Барабашова К№7	in stock	283.00 UAH	39
SX10313	Авторынок Барабашова К№7	in stock	284.00 UAH	7
SX2634	Авторынок Барабашова К№7	in stock	252.00 UAH	40
SX539	Авторынок Барабашова К№7	in stock	299.00 UAH	8
SX675	Авторынок Барабашова К№7	in stock	223.00 UAH	54
SXM25035	Авторынок Барабашова К№7	in stock	218.00 UAH	4
SX388	Авторынок Барабашова К№7	in stock	802.00 UAH	25
SX61	Авторынок Барабашова К№7	in stock	332.00 UAH	39
SX96	Авторынок Барабашова К№7	in stock	278.00 UAH	59
SX791	Авторынок Барабашова К№7	in stock	311.00 UAH	59
SX1652	Авторынок Барабашова К№7	in stock	224.00 UAH	8
SX1004	Авторынок Барабашова К№7	in stock	264.00 UAH	4
SX3477	Авторынок Барабашова К№7	in stock	283.00 UAH	56
SX3188/11	Авторынок Барабашова К№7	in stock	342.00 UAH	4
SX2813	Авторынок Барабашова К№7	in stock	312.00 UAH	56
SX5101	Авторынок Барабашова К№7	in stock	254.00 UAH	4
SX6510	Авторынок Барабашова К№7	in stock	940.00 UAH	56
SX3105/1	Авторынок Барабашова К№7	in stock	352.00 UAH	55
SX9972	Авторынок Барабашова К№7	in stock	320.00 UAH	54
SX992	Авторынок Барабашова К№7	in stock	259.00 UAH	6
SX804/S	Авторынок Барабашова К№7	in stock	336.00 UAH	8
SX1850/S	Авторынок Барабашова К№7	in stock	499.00 UAH	31
SX1277	Авторынок Барабашова К№7	in stock	309.00 UAH	34
SX3775	Авторынок Барабашова К№7	in stock	602.00 UAH	32
SX2841/7	Авторынок Барабашова К№7	in stock	228.00 UAH	6
SX2841/7S	Авторынок Барабашова К№7	in stock	382.00 UAH	57
SX1020	Авторынок Барабашова К№7	in stock	460.00 UAH	11
SX1686/1	Авторынок Барабашова К№7	in stock	924.00 UAH	9
SX1833	Авторынок Барабашова К№7	in stock	955.00 UAH	7
SX816/4	Авторынок Барабашова К№7	in stock	466.00 UAH	11
SX438	Авторынок Барабашова К№7	in stock	229.00 UAH	24
SX95	Авторынок Барабашова К№7	in stock	245.00 UAH	1
SX312	Авторынок Барабашова К№7	in stock	270.00 UAH	58
SX97	Авторынок Барабашова К№7	in stock	314.00 UAH	33
SX526	Авторынок Барабашова К№7	in stock	253.00 UAH	24
SX348	Авторынок Барабашова К№7	in stock	255.00 UAH	39
SX927	Авторынок Барабашова К№7	in stock	276.00 UAH	24
SX981	Авторынок Барабашова К№7	in stock	354.00 UAH	9
SX251102	Авторынок Барабашова К№7	in stock	300.00 UAH	6
SX617	Авторынок Барабашова К№7	in stock	260.00 UAH	53
SX472	Авторынок Барабашова К№7	in stock	285.00 UAH	41
SX346	Авторынок Барабашова К№7	in stock	484.00 UAH	27
SX736	Авторынок Барабашова К№7	in stock	375.00 UAH	40
SX43002	Авторынок Барабашова К№7	in stock	481.00 UAH	56
SX1845NB	Авторынок Барабашова К№7	in stock	241.00 UAH	11
SX1845MNB	Авторынок Барабашова К№7	in stock	247.00 UAH	2
SX511NB	Авторынок Барабашова К№7	in stock	233.00 UAH	8
SX511MNB	Авторынок Барабашова К№7	in stock	269.00 UAH	75
SX513MNB	Авторынок Барабашова К№7	in stock	252.00 UAH	7
SX513M	Авторынок Барабашова К№7	in stock	285.00 UAH	9
SX511M	Авторынок Барабашова К№7	in stock	294.00 UAH	68
SX335C	Авторынок Барабашова К№7	in stock	457.00 UAH	12
SX335CNB	Авторынок Барабашова К№7	in stock	397.00 UAH	6
SX335	Авторынок Барабашова К№7	in stock	519.00 UAH	21
SX3031	Авторынок Барабашова К№7	in stock	309.00 UAH	34
SX1573	Авторынок Барабашова К№7	in stock	259.00 UAH	68
SX1573NB	Авторынок Барабашова К№7	in stock	233.00 UAH	5
SX4142	Авторынок Барабашова К№7	in stock	244.00 UAH	56
SX1688	Авторынок Барабашова К№7	in stock	248.00 UAH	37
SXS801133A0	Авторынок Барабашова К№7	in stock	298.00 UAH	53
SX350	Авторынок Барабашова К№7	in stock	201.00 UAH	1
SX534	Авторынок Барабашова К№7	in stock	231.00 UAH	51
SX542	Авторынок Барабашова К№7	in stock	212.00 UAH	64
SX2632	Авторынок Барабашова К№7	in stock	248.00 UAH	63
SX591	Авторынок Барабашова К№7	in stock	234.00 UAH	9
LX334	Авторынок Барабашова К№7	in stock	627.00 UAH	1
SX2038	Авторынок Барабашова К№7	in stock	342.00 UAH	6
SX3251	Авторынок Барабашова К№7	in stock	471.00 UAH	46
SX46873	Авторынок Барабашова К№7	in stock	229.00 UAH	31
SX4264	Авторынок Барабашова К№7	in stock	310.00 UAH	52
SX2885	Авторынок Барабашова К№7	in stock	296.00 UAH	46
SX5595	Авторынок Барабашова К№7	in stock	253.00 UAH	54
SX504	Авторынок Барабашова К№7	in stock	242.00 UAH	7
SX2694	Авторынок Барабашова К№7	in stock	276.00 UAH	14
SX1076	Авторынок Барабашова К№7	in stock	233.00 UAH	66
SX839	Авторынок Барабашова К№7	in stock	248.00 UAH	15
1444.XC	Авторынок Барабашова К№7	in stock	290.00 UAH	1
SX3070	Авторынок Барабашова К№7	in stock	244.00 UAH	59
SX307LPG	Авторынок Барабашова К№7	in stock	205.00 UAH	4
SX49073	Авторынок Барабашова К№7	in stock	297.00 UAH	68
SX10947	Авторынок Барабашова К№7	in stock	732.00 UAH	31
SX5333	Авторынок Барабашова К№7	in stock	479.00 UAH	12
SX4803	Авторынок Барабашова К№7	in stock	254.00 UAH	11
SX3887	Авторынок Барабашова К№7	in stock	277.00 UAH	10
SX10267	Авторынок Барабашова К№7	in stock	320.00 UAH	58
SX2968	Авторынок Барабашова К№7	in stock	333.00 UAH	2
SX49038	Авторынок Барабашова К№7	in stock	199.00 UAH	1
SX1272	Авторынок Барабашова К№7	in stock	246.00 UAH	61
SX3751	Авторынок Барабашова К№7	in stock	233.00 UAH	56
SX724	Авторынок Барабашова К№7	in stock	242.00 UAH	19
SX1820	Авторынок Барабашова К№7	in stock	320.00 UAH	30
SX4239	Авторынок Барабашова К№7	in stock	258.00 UAH	62
SX3020	Авторынок Барабашова К№7	in stock	263.00 UAH	45
SX11040	Авторынок Барабашова К№7	in stock	768.00 UAH	19
SX2901	Авторынок Барабашова К№7	in stock	233.00 UAH	10
SX737	Авторынок Барабашова К№7	in stock	228.00 UAH	11
SX90	Авторынок Барабашова К№7	in stock	202.00 UAH	3
SX588	Авторынок Барабашова К№7	in stock	249.00 UAH	5
SX1503	Авторынок Барабашова К№7	in stock	249.00 UAH	6
SX3888	Авторынок Барабашова К№7	in stock	247.00 UAH	35
SX2882	Авторынок Барабашова К№7	in stock	231.00 UAH	61
SX3015/14	Авторынок Барабашова К№7	in stock	326.00 UAH	61
SX1825NB	Авторынок Барабашова К№7	in stock	202.00 UAH	2
SX999	Авторынок Барабашова К№7	in stock	221.00 UAH	12
SX523	Авторынок Барабашова К№7	in stock	183.00 UAH	2
SX1740	Авторынок Барабашова К№7	in stock	264.00 UAH	33
SX10419	Авторынок Барабашова К№7	in stock	385.00 UAH	55
SX3062	Авторынок Барабашова К№7	in stock	347.00 UAH	61
SX203	Авторынок Барабашова К№7	in stock	247.00 UAH	21
SX35	Авторынок Барабашова К№7	in stock	223.00 UAH	8
SX347	Авторынок Барабашова К№7	in stock	240.00 UAH	6
SX3060	Авторынок Барабашова К№7	in stock	313.00 UAH	2
SX876	Авторынок Барабашова К№7	in stock	296.00 UAH	35
RD.1340WA6239	Авторынок Барабашова К№7	in stock	221.00 UAH	1
SX432	Авторынок Барабашова К№7	in stock	229.00 UAH	19
SX722	Авторынок Барабашова К№7	in stock	244.00 UAH	37
SX430	Авторынок Барабашова К№7	in stock	217.00 UAH	10
SX614	Авторынок Барабашова К№7	in stock	237.00 UAH	10
SX598	Авторынок Барабашова К№7	in stock	231.00 UAH	56
SX1029	Авторынок Барабашова К№7	in stock	242.00 UAH	25
SX1294NB	Авторынок Барабашова К№7	in stock	252.00 UAH	1
SX1467	Авторынок Барабашова К№7	in stock	349.00 UAH	33
SX1583NS	Авторынок Барабашова К№7	in stock	264.00 UAH	15
SX1583NSNB	Авторынок Барабашова К№7	in stock	249.00 UAH	7
SX1583M	Авторынок Барабашова К№7	in stock	278.00 UAH	10
SX1583MNB	Авторынок Барабашова К№7	in stock	253.00 UAH	8
SX1826	Авторынок Барабашова К№7	in stock	252.00 UAH	57
SX1044	Авторынок Барабашова К№7	in stock	238.00 UAH	58
SX1045	Авторынок Барабашова К№7	in stock	249.00 UAH	56
SX1048	Авторынок Барабашова К№7	in stock	255.00 UAH	68
SX3962	Авторынок Барабашова К№7	in stock	246.00 UAH	53
SX4460	Авторынок Барабашова К№7	in stock	463.00 UAH	33
SX2974	Авторынок Барабашова К№7	in stock	803.00 UAH	3
SX3000	Авторынок Барабашова К№7	in stock	1090.00 UAH	52
SX9620	Авторынок Барабашова К№7	in stock	1029.00 UAH	6
SX3772	Авторынок Барабашова К№7	in stock	476.00 UAH	54
SX330	Авторынок Барабашова К№7	in stock	223.00 UAH	34
SX3044	Авторынок Барабашова К№7	in stock	406.00 UAH	54
SX317	Авторынок Барабашова К№7	in stock	226.00 UAH	7
SX329	Авторынок Барабашова К№7	in stock	207.00 UAH	20
SX742/2	Авторынок Барабашова К№7	in stock	227.00 UAH	14
SX742/2NB	Авторынок Барабашова К№7	in stock	217.00 UAH	60
SX788	Авторынок Барабашова К№7	in stock	181.00 UAH	1
SX1953	Авторынок Барабашова К№7	in stock	220.00 UAH	59
SX597	Авторынок Барабашова К№7	in stock	230.00 UAH	54
SX993	Авторынок Барабашова К№7	in stock	223.00 UAH	21
SX499	Авторынок Барабашова К№7	in stock	206.00 UAH	2
SX824	Авторынок Барабашова К№7	in stock	261.00 UAH	8
SX947	Авторынок Барабашова К№7	in stock	278.00 UAH	3
SX541	Авторынок Барабашова К№7	in stock	244.00 UAH	5
SX475	Авторынок Барабашова К№7	in stock	215.00 UAH	2
SX477	Авторынок Барабашова К№7	in stock	220.00 UAH	1
SX2084	Авторынок Барабашова К№7	in stock	238.00 UAH	57
SX2085	Авторынок Барабашова К№7	in stock	233.00 UAH	8
LX1886	Авторынок Барабашова К№7	in stock	887.00 UAH	9
SX1883M	Авторынок Барабашова К№7	in stock	260.00 UAH	8
SX1883MNB	Авторынок Барабашова К№7	in stock	241.00 UAH	6
LX876	Авторынок Барабашова К№7	in stock	574.00 UAH	1
SX3014	Авторынок Барабашова К№7	in stock	260.00 UAH	68
SX1748M	Авторынок Барабашова К№7	in stock	247.00 UAH	6
SX1748NB	Авторынок Барабашова К№7	in stock	230.00 UAH	68
SX4297M	Авторынок Барабашова К№7	in stock	302.00 UAH	23
SX4068MNB	Авторынок Барабашова К№7	in stock	233.00 UAH	7
SX4068NB	Авторынок Барабашова К№7	in stock	231.00 UAH	67
SX4068M	Авторынок Барабашова К№7	in stock	250.00 UAH	31
RD.1340WA6684	Авторынок Барабашова К№7	in stock	204.00 UAH	1
SX704/1NB	Авторынок Барабашова К№7	in stock	176.00 UAH	69
SX4067	Авторынок Барабашова К№7	in stock	244.00 UAH	34
SX632	Авторынок Барабашова К№7	in stock	237.00 UAH	5
SX1475	Авторынок Барабашова К№7	in stock	264.00 UAH	38
SX4246	Авторынок Барабашова К№7	in stock	251.00 UAH	59
SX1805	Авторынок Барабашова К№7	in stock	244.00 UAH	68
SX2034	Авторынок Барабашова К№7	in stock	228.00 UAH	15
SX4433	Авторынок Барабашова К№7	in stock	234.00 UAH	17
SX24042	Авторынок Барабашова К№7	in stock	248.00 UAH	50
SX30024	Авторынок Барабашова К№7	in stock	295.00 UAH	5
SX1518	Авторынок Барабашова К№7	in stock	252.00 UAH	59
SX2612	Авторынок Барабашова К№7	in stock	226.00 UAH	21
SX3369	Авторынок Барабашова К№7	in stock	233.00 UAH	55
SX1378057L00	Авторынок Барабашова К№7	in stock	376.00 UAH	3
SX49005	Авторынок Барабашова К№7	in stock	249.00 UAH	10
SX544	Авторынок Барабашова К№7	in stock	232.00 UAH	7
SX2833	Авторынок Барабашова К№7	in stock	223.00 UAH	41
SX30080	Авторынок Барабашова К№7	in stock	254.00 UAH	61
SX863	Авторынок Барабашова К№7	in stock	246.00 UAH	28
B22049PR	Авторынок Барабашова К№7	in stock	283.00 UAH	5
SX805	Авторынок Барабашова К№7	in stock	202.00 UAH	4
SX4154	Авторынок Барабашова К№7	in stock	269.00 UAH	6
SX756	Авторынок Барабашова К№7	in stock	212.00 UAH	58
SX1837	Авторынок Барабашова К№7	in stock	244.00 UAH	6
SX1837SP	Авторынок Барабашова К№7	in stock	284.00 UAH	6
SX979	Авторынок Барабашова К№7	in stock	223.00 UAH	3
SX2029	Авторынок Барабашова К№7	in stock	249.00 UAH	10
SX2681	Авторынок Барабашова К№7	in stock	223.00 UAH	6
SX25020	Авторынок Барабашова К№7	in stock	232.00 UAH	10
SX807	Авторынок Барабашова К№7	in stock	238.00 UAH	54
SX1259	Авторынок Барабашова К№7	in stock	200.00 UAH	11
SX1633	Авторынок Барабашова К№7	in stock	225.00 UAH	51
SX811	Авторынок Барабашова К№7	in stock	205.00 UAH	8
SX3187	Авторынок Барабашова К№7	in stock	229.00 UAH	1
SX2636	Авторынок Барабашова К№7	in stock	264.00 UAH	15
SX51020	Авторынок Барабашова К№7	in stock	394.00 UAH	5
SX2750	Авторынок Барабашова К№7	in stock	376.00 UAH	42
SX9884	Авторынок Барабашова К№7	in stock	314.00 UAH	15
SX2678	Авторынок Барабашова К№7	in stock	244.00 UAH	32
WH 2044	Авторынок Барабашова К№7	in stock	363.00 UAH	27
SX809NP	Авторынок Барабашова К№7	in stock	214.00 UAH	54
SX809	Авторынок Барабашова К№7	in stock	227.00 UAH	65
SX1936	Авторынок Барабашова К№7	in stock	242.00 UAH	10
SX3005	Авторынок Барабашова К№7	in stock	289.00 UAH	9
SX10085	Авторынок Барабашова К№7	in stock	394.00 UAH	60
SX1950	Авторынок Барабашова К№7	in stock	209.00 UAH	56
SX1002	Авторынок Барабашова К№7	in stock	187.00 UAH	7
SX418	Авторынок Барабашова К№7	in stock	245.00 UAH	9
SX925/S	Авторынок Барабашова К№7	in stock	262.00 UAH	31
SX997	Авторынок Барабашова К№7	in stock	236.00 UAH	62
SX1211M	Авторынок Барабашова К№7	in stock	256.00 UAH	13
SX524	Авторынок Барабашова К№7	in stock	219.00 UAH	20
SX4479	Авторынок Барабашова К№7	in stock	291.00 UAH	9
SX405	Авторынок Барабашова К№7	in stock	250.00 UAH	60
A1131	Авторынок Барабашова К№7	in stock	495.00 UAH	5
SX1835NB	Авторынок Барабашова К№7	in stock	225.00 UAH	14
SX1835	Авторынок Барабашова К№7	in stock	232.00 UAH	15
SX1835M	Авторынок Барабашова К№7	in stock	227.00 UAH	2
SX1835MNB	Авторынок Барабашова К№7	in stock	233.00 UAH	4
SX954	Авторынок Барабашова К№7	in stock	252.00 UAH	9
SX571/1	Авторынок Барабашова К№7	in stock	230.00 UAH	42
SX1455	Авторынок Барабашова К№7	in stock	277.00 UAH	20
SX1643	Авторынок Барабашова К№7	in stock	242.00 UAH	5
SX1751	Авторынок Барабашова К№7	in stock	254.00 UAH	56
SX1500	Авторынок Барабашова К№7	in stock	350.00 UAH	37
SX3525	Авторынок Барабашова К№7	in stock	230.00 UAH	59
SX1262	Авторынок Барабашова К№7	in stock	261.00 UAH	39
SX3503	Авторынок Барабашова К№7	in stock	268.00 UAH	16
SX3503NB	Авторынок Барабашова К№7	in stock	241.00 UAH	13
SX11003	Авторынок Барабашова К№7	in stock	240.00 UAH	66
SX296NB	Авторынок Барабашова К№7	in stock	209.00 UAH	7
SX593/1	Авторынок Барабашова К№7	in stock	258.00 UAH	56
SX593/1NB	Авторынок Барабашова К№7	in stock	246.00 UAH	2
SX1479/2	Авторынок Барабашова К№7	in stock	361.00 UAH	12
SX9343	Авторынок Барабашова К№7	in stock	301.00 UAH	8
SX10030	Авторынок Барабашова К№7	in stock	228.00 UAH	8
SX709NB	Авторынок Барабашова К№7	in stock	231.00 UAH	1
SX709	Авторынок Барабашова К№7	in stock	266.00 UAH	20
SXM31031	Авторынок Барабашова К№7	in stock	250.00 UAH	55
SX3306	Авторынок Барабашова К№7	in stock	231.00 UAH	55
SX4244	Авторынок Барабашова К№7	in stock	296.00 UAH	61
SX4245	Авторынок Барабашова К№7	in stock	349.00 UAH	50
SX2831	Авторынок Барабашова К№7	in stock	369.00 UAH	14
SX1000	Авторынок Барабашова К№7	in stock	300.00 UAH	13
SX54	Авторынок Барабашова К№7	in stock	227.00 UAH	55
SX537M	Авторынок Барабашова К№7	in stock	229.00 UAH	6
SX537MNB	Авторынок Барабашова К№7	in stock	235.00 UAH	28
SX314NB	Авторынок Барабашова К№7	in stock	283.00 UAH	58
SX314	Авторынок Барабашова К№7	in stock	316.00 UAH	66
SX538	Авторынок Барабашова К№7	in stock	244.00 UAH	10
SX538NB	Авторынок Барабашова К№7	in stock	228.00 UAH	16
SX537	Авторынок Барабашова К№7	in stock	226.00 UAH	67
SX864	Авторынок Барабашова К№7	in stock	247.00 UAH	63
SX786M	Авторынок Барабашова К№7	in stock	248.00 UAH	9
SX793	Авторынок Барабашова К№7	in stock	262.00 UAH	9
SX793NB	Авторынок Барабашова К№7	in stock	256.00 UAH	20
SX792	Авторынок Барабашова К№7	in stock	260.00 UAH	13
SX792M	Авторынок Барабашова К№7	in stock	282.00 UAH	3
SX792MNB	Авторынок Барабашова К№7	in stock	276.00 UAH	8
SX792NB	Авторынок Барабашова К№7	in stock	250.00 UAH	12
SX686	Авторынок Барабашова К№7	in stock	280.00 UAH	57
SX1593/2	Авторынок Барабашова К№7	in stock	322.00 UAH	6
SX1289/1	Авторынок Барабашова К№7	in stock	280.00 UAH	8
SX637	Авторынок Барабашова К№7	in stock	374.00 UAH	25
SX4233	Авторынок Барабашова К№7	in stock	304.00 UAH	31
SX4234	Авторынок Барабашова К№7	in stock	343.00 UAH	19
SX24051	Авторынок Барабашова К№7	in stock	301.00 UAH	5
SX5599	Авторынок Барабашова К№7	in stock	456.00 UAH	54
SX1607/1	Авторынок Барабашова К№7	in stock	356.00 UAH	33
SX1219	Авторынок Барабашова К№7	in stock	541.00 UAH	38
SXA131109111NB	Авторынок Барабашова К№7	in stock	213.00 UAH	4
FOE197831	Авторынок Барабашова К№7	in stock	409.00 UAH	4
LPG2	Авторынок Барабашова К№7	in stock	50.00 UAH	17
LPG1	Авторынок Барабашова К№7	in stock	52.00 UAH	9
LAK436	Авторынок Барабашова К№7	in stock	913.00 UAH	6
SA50/1	Авторынок Барабашова К№7	in stock	218.00 UAH	35
SA462	Авторынок Барабашова К№7	in stock	199.00 UAH	15
SAK462	Авторынок Барабашова К№7	in stock	235.00 UAH	70
SA34	Авторынок Барабашова К№7	in stock	217.00 UAH	1
SAK56	Авторынок Барабашова К№7	in stock	328.00 UAH	3
SAK297	Авторынок Барабашова К№7	in stock	295.00 UAH	3
SA64	Авторынок Барабашова К№7	in stock	285.00 UAH	3
SAK64	Авторынок Барабашова К№7	in stock	280.00 UAH	3
SAK813	Авторынок Барабашова К№7	in stock	320.00 UAH	34
SA46	Авторынок Барабашова К№7	in stock	229.00 UAH	15
SAK46	Авторынок Барабашова К№7	in stock	292.00 UAH	12
SAK93	Авторынок Барабашова К№7	in stock	292.00 UAH	57
SA386	Авторынок Барабашова К№7	in stock	234.00 UAH	9
SAK386	Авторынок Барабашова К№7	in stock	327.00 UAH	61
SA58	Авторынок Барабашова К№7	in stock	197.00 UAH	8
SAK58	Авторынок Барабашова К№7	in stock	373.00 UAH	60
SA239/S	Авторынок Барабашова К№7	in stock	279.00 UAH	8
SAK239/S	Авторынок Барабашова К№7	in stock	332.00 UAH	59
SAK667	Авторынок Барабашова К№7	in stock	330.00 UAH	9
SAK176	Авторынок Барабашова К№7	in stock	572.00 UAH	56
SAK248	Авторынок Барабашова К№7	in stock	559.00 UAH	19
SA742	Авторынок Барабашова К№7	in stock	226.00 UAH	57
SAK812	Авторынок Барабашова К№7	in stock	289.00 UAH	13
SA1156/S	Авторынок Барабашова К№7	in stock	261.00 UAH	41
SAK1156/S	Авторынок Барабашова К№7	in stock	348.00 UAH	10
SA873/S	Авторынок Барабашова К№7	in stock	234.00 UAH	58
SAK873/S	Авторынок Барабашова К№7	in stock	241.00 UAH	61
SA102	Авторынок Барабашова К№7	in stock	332.00 UAH	10
SA848/S	Авторынок Барабашова К№7	in stock	609.00 UAH	3
SAK848/S	Авторынок Барабашова К№7	in stock	653.00 UAH	3
SA177	Авторынок Барабашова К№7	in stock	266.00 UAH	34
SAK73/S	Авторынок Барабашова К№7	in stock	548.00 UAH	57
SA197	Авторынок Барабашова К№7	in stock	245.00 UAH	58
SA197/S	Авторынок Барабашова К№7	in stock	340.00 UAH	53
SAK197/S	Авторынок Барабашова К№7	in stock	493.00 UAH	12
SA467/S	Авторынок Барабашова К№7	in stock	270.00 UAH	40
SA675/2/S	Авторынок Барабашова К№7	in stock	304.00 UAH	8
SA613/S	Авторынок Барабашова К№7	in stock	723.00 UAH	41
SAK613S	Авторынок Барабашова К№7	in stock	678.00 UAH	6
SA173/S	Авторынок Барабашова К№7	in stock	478.00 UAH	13
SAK173/S	Авторынок Барабашова К№7	in stock	720.00 UAH	10
SA630/S	Авторынок Барабашова К№7	in stock	311.00 UAH	2
SAK56378	Авторынок Барабашова К№7	in stock	691.00 UAH	55
SA62	Авторынок Барабашова К№7	in stock	293.00 UAH	17
SAK62	Авторынок Барабашова К№7	in stock	471.00 UAH	40
SA918	Авторынок Барабашова К№7	in stock	206.00 UAH	9
SAK234	Авторынок Барабашова К№7	in stock	473.00 UAH	37
ECO2059	Авторынок Барабашова К№7	in stock	364.00 UAH	58
SA40473	Авторынок Барабашова К№7	in stock	222.00 UAH	61
SAK40473	Авторынок Барабашова К№7	in stock	286.00 UAH	49
ECO1909	Авторынок Барабашова К№7	in stock	263.00 UAH	7
SA28107	Авторынок Барабашова К№7	in stock	310.00 UAH	56
SAK28107	Авторынок Барабашова К№7	in stock	392.00 UAH	41
ECO1303389800	Авторынок Барабашова К№7	in stock	382.00 UAH	45
SAK2255	Авторынок Барабашова К№7	in stock	719.00 UAH	36
SAK472	Авторынок Барабашова К№7	in stock	252.00 UAH	66
SAK10074	Авторынок Барабашова К№7	in stock	719.00 UAH	61
SA1123	Авторынок Барабашова К№7	in stock	205.00 UAH	71
SAK1123	Авторынок Барабашова К№7	in stock	279.00 UAH	12
SA24869	Авторынок Барабашова К№7	in stock	227.00 UAH	17
SA10129	Авторынок Барабашова К№7	in stock	554.00 UAH	47
SAK24814	Авторынок Барабашова К№7	in stock	306.00 UAH	19
SA24495	Авторынок Барабашова К№7	in stock	252.00 UAH	54
SAK24480	Авторынок Барабашова К№7	in stock	438.00 UAH	49
SA10192	Авторынок Барабашова К№7	in stock	672.00 UAH	57
SAK138107915	Авторынок Барабашова К№7	in stock	197.00 UAH	60
SA0640	Авторынок Барабашова К№7	in stock	241.00 UAH	30
SAK1017016548	Авторынок Барабашова К№7	in stock	333.00 UAH	2
SA1017016548	Авторынок Барабашова К№7	in stock	250.00 UAH	3
SA810791	Авторынок Барабашова К№7	in stock	210.00 UAH	38
SAK810791	Авторынок Барабашова К№7	in stock	261.00 UAH	8
SAM118107915	Авторынок Барабашова К№7	in stock	186.00 UAH	11
SAKM118107915	Авторынок Барабашова К№7	in stock	214.00 UAH	16
SAJ60-8107910	Авторынок Барабашова К№7	in stock	184.00 UAH	52
SAT21-8107011	Авторынок Барабашова К№7	in stock	215.00 UAH	61
SAKT21-8107011	Авторынок Барабашова К№7	in stock	284.00 UAH	63
SAT15-8107011	Авторынок Барабашова К№7	in stock	245.00 UAH	1
SAK10428	Авторынок Барабашова К№7	in stock	722.00 UAH	4
SA10428	Авторынок Барабашова К№7	in stock	500.00 UAH	2
SAK361	Авторынок Барабашова К№7	in stock	235.00 UAH	46
SA1175	Авторынок Барабашова К№7	in stock	209.00 UAH	15
SAK1175	Авторынок Барабашова К№7	in stock	254.00 UAH	1
SA2028	Авторынок Барабашова К№7	in stock	195.00 UAH	11
SAK2028	Авторынок Барабашова К№7	in stock	233.00 UAH	60
SA24014	Авторынок Барабашова К№7	in stock	691.00 UAH	34
SAK24014	Авторынок Барабашова К№7	in stock	784.00 UAH	25
SA2622	Авторынок Барабашова К№7	in stock	215.00 UAH	59
SAK2622	Авторынок Барабашова К№7	in stock	313.00 UAH	18
SA421	Авторынок Барабашова К№7	in stock	226.00 UAH	54
SAK368	Авторынок Барабашова К№7	in stock	294.00 UAH	10
SAK362	Авторынок Барабашова К№7	in stock	260.00 UAH	63
SA1159	Авторынок Барабашова К№7	in stock	207.00 UAH	8
SA247	Авторынок Барабашова К№7	in stock	246.00 UAH	29
SAK10316	Авторынок Барабашова К№7	in stock	735.00 UAH	59
SAK180	Авторынок Барабашова К№7	in stock	333.00 UAH	2
SA159	Авторынок Барабашова К№7	in stock	227.00 UAH	1
SA184	Авторынок Барабашова К№7	in stock	207.00 UAH	9
SAK184	Авторынок Барабашова К№7	in stock	273.00 UAH	48
SAK428/S	Авторынок Барабашова К№7	in stock	298.00 UAH	61
SA8	Авторынок Барабашова К№7	in stock	206.00 UAH	60
SAK8	Авторынок Барабашова К№7	in stock	210.00 UAH	5
SAK1174	Авторынок Барабашова К№7	in stock	249.00 UAH	55
SAK29008	Авторынок Барабашова К№7	in stock	342.00 UAH	7
SA191/S	Авторынок Барабашова К№7	in stock	231.00 UAH	10
SAK127	Авторынок Барабашова К№7	in stock	474.00 UAH	40
SA232	Авторынок Барабашова К№7	in stock	227.00 UAH	58
SAK232	Авторынок Барабашова К№7	in stock	293.00 UAH	60
SA437	Авторынок Барабашова К№7	in stock	202.00 UAH	34
SAK437	Авторынок Барабашова К№7	in stock	273.00 UAH	42
SA412	Авторынок Барабашова К№7	in stock	239.00 UAH	50
SAK412	Авторынок Барабашова К№7	in stock	392.00 UAH	59
SA153	Авторынок Барабашова К№7	in stock	214.00 UAH	54
SA854	Авторынок Барабашова К№7	in stock	198.00 UAH	7
SAK854	Авторынок Барабашова К№7	in stock	204.00 UAH	59
SA624	Авторынок Барабашова К№7	in stock	192.00 UAH	35
SA476	Авторынок Барабашова К№7	in stock	228.00 UAH	26
SA359	Авторынок Барабашова К№7	in stock	188.00 UAH	1
SA1629395300	Авторынок Барабашова К№7	in stock	226.00 UAH	47
SAK24048	Авторынок Барабашова К№7	in stock	342.00 UAH	59
SA306	Авторынок Барабашова К№7	in stock	203.00 UAH	21
SAK306	Авторынок Барабашова К№7	in stock	255.00 UAH	17
SA144	Авторынок Барабашова К№7	in stock	185.00 UAH	62
SAK144	Авторынок Барабашова К№7	in stock	241.00 UAH	7
SA457	Авторынок Барабашова К№7	in stock	192.00 UAH	61
SAK457	Авторынок Барабашова К№7	in stock	232.00 UAH	21
SAK411	Авторынок Барабашова К№7	in stock	255.00 UAH	27
SA123	Авторынок Барабашова К№7	in stock	180.00 UAH	56
SAK123	Авторынок Барабашова К№7	in stock	239.00 UAH	59
SA97	Авторынок Барабашова К№7	in stock	265.00 UAH	18
SAK97	Авторынок Барабашова К№7	in stock	304.00 UAH	8
SA35	Авторынок Барабашова К№7	in stock	207.00 UAH	4
SAK35	Авторынок Барабашова К№7	in stock	246.00 UAH	7
SA167	Авторынок Барабашова К№7	in stock	231.00 UAH	56
SAK167	Авторынок Барабашова К№7	in stock	297.00 UAH	32
SAK679/S	Авторынок Барабашова К№7	in stock	517.00 UAH	40
SA142	Авторынок Барабашова К№7	in stock	212.00 UAH	6
SA24065	Авторынок Барабашова К№7	in stock	321.00 UAH	58
SA24068	Авторынок Барабашова К№7	in stock	213.00 UAH	59
SAK24068	Авторынок Барабашова К№7	in stock	220.00 UAH	65
SA463	Авторынок Барабашова К№7	in stock	189.00 UAH	6
SAK463	Авторынок Барабашова К№7	in stock	247.00 UAH	56
SAK77	Авторынок Барабашова К№7	in stock	303.00 UAH	3
SA169	Авторынок Барабашова К№7	in stock	200.00 UAH	66
SAK169	Авторынок Барабашова К№7	in stock	317.00 UAH	10
SA293	Авторынок Барабашова К№7	in stock	206.00 UAH	60
SAK293	Авторынок Барабашова К№7	in stock	258.00 UAH	11
SA78	Авторынок Барабашова К№7	in stock	219.00 UAH	24
SAK78	Авторынок Барабашова К№7	in stock	286.00 UAH	27
SA1138	Авторынок Барабашова К№7	in stock	222.00 UAH	8
SA28009	Авторынок Барабашова К№7	in stock	211.00 UAH	3
SAK1138	Авторынок Барабашова К№7	in stock	359.00 UAH	62
SAK28009	Авторынок Барабашова К№7	in stock	302.00 UAH	3
SAK24367	Авторынок Барабашова К№7	in stock	431.00 UAH	5
SA10084	Авторынок Барабашова К№7	in stock	189.00 UAH	115
SA241	Авторынок Барабашова К№7	in stock	189.00 UAH	3
SA242	Авторынок Барабашова К№7	in stock	244.00 UAH	9
SA25	Авторынок Барабашова К№7	in stock	338.00 UAH	37
SAK25	Авторынок Барабашова К№7	in stock	361.00 UAH	59
SAK220	Авторынок Барабашова К№7	in stock	280.00 UAH	66
SAK24687	Авторынок Барабашова К№7	in stock	497.00 UAH	55
SA10105	Авторынок Барабашова К№7	in stock	254.00 UAH	7
SAK10105	Авторынок Барабашова К№7	in stock	440.00 UAH	31
SA10195	Авторынок Барабашова К№7	in stock	377.00 UAH	6
SAK10195	Авторынок Барабашова К№7	in stock	395.00 UAH	4
SAK10410	Авторынок Барабашова К№7	in stock	473.00 UAH	12
SA833	Авторынок Барабашова К№7	in stock	204.00 UAH	4
SAK833	Авторынок Барабашова К№7	in stock	299.00 UAH	26
SA859	Авторынок Барабашова К№7	in stock	188.00 UAH	10
SAK859	Авторынок Барабашова К№7	in stock	230.00 UAH	11
SA947	Авторынок Барабашова К№7	in stock	234.00 UAH	42
SAK947	Авторынок Барабашова К№7	in stock	266.00 UAH	4
SA10266	Авторынок Барабашова К№7	in stock	333.00 UAH	62
SAK10266	Авторынок Барабашова К№7	in stock	387.00 UAH	12
SAK24300	Авторынок Барабашова К№7	in stock	367.00 UAH	7
SA8104400	Авторынок Барабашова К№7	in stock	189.00 UAH	59
SAK216	Авторынок Барабашова К№7	in stock	276.00 UAH	19
SA100	Авторынок Барабашова К№7	in stock	220.00 UAH	24
SA344	Авторынок Барабашова К№7	in stock	200.00 UAH	54
SAK344	Авторынок Барабашова К№7	in stock	259.00 UAH	24
SA168/S	Авторынок Барабашова К№7	in stock	224.00 UAH	48
SA24897	Авторынок Барабашова К№7	in stock	504.00 UAH	56
SAK447	Авторынок Барабашова К№7	in stock	249.00 UAH	60
SA441	Авторынок Барабашова К№7	in stock	186.00 UAH	10
SAK441	Авторынок Барабашова К№7	in stock	222.00 UAH	11
SAK195/S	Авторынок Барабашова К№7	in stock	332.00 UAH	6
SAK471	Авторынок Барабашова К№7	in stock	295.00 UAH	10
SAK401	Авторынок Барабашова К№7	in stock	241.00 UAH	56
SA401	Авторынок Барабашова К№7	in stock	202.00 UAH	59
SA745	Авторынок Барабашова К№7	in stock	201.00 UAH	60
SAK745	Авторынок Барабашова К№7	in stock	244.00 UAH	8
SA876	Авторынок Барабашова К№7	in stock	184.00 UAH	17
SAK301	Авторынок Барабашова К№7	in stock	211.00 UAH	69
SAK464	Авторынок Барабашова К№7	in stock	218.00 UAH	80
SAK23019	Авторынок Барабашова К№7	in stock	244.00 UAH	66
SA400	Авторынок Барабашова К№7	in stock	272.00 UAH	3
SAK400	Авторынок Барабашова К№7	in stock	315.00 UAH	6
SA634/S	Авторынок Барабашова К№7	in stock	234.00 UAH	59
SA453	Авторынок Барабашова К№7	in stock	240.00 UAH	24
SAK453	Авторынок Барабашова К№7	in stock	261.00 UAH	2
SAK587	Авторынок Барабашова К№7	in stock	253.00 UAH	21
SAK1526	Авторынок Барабашова К№7	in stock	285.00 UAH	8
SAK26019	Авторынок Барабашова К№7	in stock	280.00 UAH	69
SA444/S	Авторынок Барабашова К№7	in stock	197.00 UAH	33
SAK444/S	Авторынок Барабашова К№7	in stock	280.00 UAH	61
SA24753	Авторынок Барабашова К№7	in stock	225.00 UAH	53
SAK24021	Авторынок Барабашова К№7	in stock	332.00 UAH	4
SA24854	Авторынок Барабашова К№7	in stock	234.00 UAH	28
SA832	Авторынок Барабашова К№7	in stock	208.00 UAH	26
SA439	Авторынок Барабашова К№7	in stock	234.00 UAH	22
SA152	Авторынок Барабашова К№7	in stock	214.00 UAH	58
SAK152	Авторынок Барабашова К№7	in stock	202.00 UAH	8
SA1225	Авторынок Барабашова К№7	in stock	217.00 UAH	60
SAK1225	Авторынок Барабашова К№7	in stock	290.00 UAH	29
SA454	Авторынок Барабашова К№7	in stock	320.00 UAH	54
SAK454	Авторынок Барабашова К№7	in stock	346.00 UAH	42
SAK364	Авторынок Барабашова К№7	in stock	559.00 UAH	54
SA674/S	Авторынок Барабашова К№7	in stock	224.00 UAH	3
SA1059	Авторынок Барабашова К№7	in stock	262.00 UAH	11
SAK1059	Авторынок Барабашова К№7	in stock	369.00 UAH	63
SA780	Авторынок Барабашова К№7	in stock	220.00 UAH	9
SAK780	Авторынок Барабашова К№7	in stock	319.00 UAH	8
SA24302	Авторынок Барабашова К№7	in stock	203.00 UAH	25
SAK24302	Авторынок Барабашова К№7	in stock	230.00 UAH	57
SAK10371	Авторынок Барабашова К№7	in stock	509.00 UAH	7
SAK10606	Авторынок Барабашова К№7	in stock	414.00 UAH	54
SAK298	Авторынок Барабашова К№7	in stock	222.00 UAH	62
SA2194	Авторынок Барабашова К№7	in stock	199.00 UAH	17
SAK2194	Авторынок Барабашова К№7	in stock	271.00 UAH	28
SA531	Авторынок Барабашова К№7	in stock	197.00 UAH	59
SAK531	Авторынок Барабашова К№7	in stock	286.00 UAH	63
SA21009	Авторынок Барабашова К№7	in stock	200.00 UAH	14
SAK21016	Авторынок Барабашова К№7	in stock	430.00 UAH	18
SA933	Авторынок Барабашова К№7	in stock	190.00 UAH	3
SA658	Авторынок Барабашова К№7	in stock	198.00 UAH	44
SAK658	Авторынок Барабашова К№7	in stock	276.00 UAH	59
SA199	Авторынок Барабашова К№7	in stock	207.00 UAH	54
SAK199	Авторынок Барабашова К№7	in stock	224.00 UAH	36
SAK119	Авторынок Барабашова К№7	in stock	246.00 UAH	64
SA294	Авторынок Барабашова К№7	in stock	231.00 UAH	4
SAK294	Авторынок Барабашова К№7	in stock	353.00 UAH	4
SAKH141553142	Авторынок Барабашова К№7	in stock	378.00 UAH	54
SAK1467	Авторынок Барабашова К№7	in stock	583.00 UAH	3
SA252	Авторынок Барабашова К№7	in stock	227.00 UAH	60
SAK252	Авторынок Барабашова К№7	in stock	362.00 UAH	42
SA81	Авторынок Барабашова К№7	in stock	251.00 UAH	9
SA1161	Авторынок Барабашова К№7	in stock	310.00 UAH	8
SAK1161	Авторынок Барабашова К№7	in stock	412.00 UAH	17
SAK878/S	Авторынок Барабашова К№7	in stock	451.00 UAH	7
SA413	Авторынок Барабашова К№7	in stock	411.00 UAH	4
SAK413	Авторынок Барабашова К№7	in stock	448.00 UAH	8
SA129	Авторынок Барабашова К№7	in stock	213.00 UAH	8
SAK129	Авторынок Барабашова К№7	in stock	362.00 UAH	52
SKK116/S	Авторынок Барабашова К№7	in stock	1145.00 UAH	32
SA37	Авторынок Барабашова К№7	in stock	359.00 UAH	37
SAK37	Авторынок Барабашова К№7	in stock	411.00 UAH	9
LKK72/S	Авторынок Барабашова К№7	in stock	907.00 UAH	60
SA156	Авторынок Барабашова К№7	in stock	283.00 UAH	16
SA1151/S	Авторынок Барабашова К№7	in stock	552.00 UAH	54
SAK1151/S	Авторынок Барабашова К№7	in stock	759.00 UAH	14
SA1925	Авторынок Барабашова К№7	in stock	214.00 UAH	9
SAK1925	Авторынок Барабашова К№7	in stock	294.00 UAH	6
SA295/S	Авторынок Барабашова К№7	in stock	257.00 UAH	59
SAK295/S	Авторынок Барабашова К№7	in stock	437.00 UAH	22
SAK1377/S	Авторынок Барабашова К№7	in stock	540.00 UAH	56
SA292/S	Авторынок Барабашова К№7	in stock	330.00 UAH	26
SA1926	Авторынок Барабашова К№7	in stock	265.00 UAH	26
SAK1926	Авторынок Барабашова К№7	in stock	428.00 UAH	54
SA246	Авторынок Барабашова К№7	in stock	355.00 UAH	4
SA1198	Авторынок Барабашова К№7	in stock	221.00 UAH	9
SAK1198	Авторынок Барабашова К№7	in stock	279.00 UAH	11
SA307NP	Авторынок Барабашова К№7	in stock	239.00 UAH	38
SAK307NP	Авторынок Барабашова К№7	in stock	401.00 UAH	61
SAK307	Авторынок Барабашова К№7	in stock	450.00 UAH	63
ECO307	Авторынок Барабашова К№7	in stock	572.00 UAH	60
ECO83	Авторынок Барабашова К№7	in stock	466.00 UAH	53
SAK83NP	Авторынок Барабашова К№7	in stock	284.00 UAH	9
SAK83	Авторынок Барабашова К№7	in stock	383.00 UAH	10
SAK83FP	Авторынок Барабашова К№7	in stock	424.00 UAH	59
SA83NP	Авторынок Барабашова К№7	in stock	218.00 UAH	22
SA83	Авторынок Барабашова К№7	in stock	266.00 UAH	59
SA83FP	Авторынок Барабашова К№7	in stock	272.00 UAH	14
SA1518	Авторынок Барабашова К№7	in stock	219.00 UAH	31
SA121NP	Авторынок Барабашова К№7	in stock	238.00 UAH	58
21652045	Авторынок Барабашова К№7	in stock	683.00 UAH	1
SA121	Авторынок Барабашова К№7	in stock	375.00 UAH	56
SAK121	Авторынок Барабашова К№7	in stock	506.00 UAH	7
SA589	Авторынок Барабашова К№7	in stock	269.00 UAH	12
SAK589	Авторынок Барабашова К№7	in stock	337.00 UAH	68
ECO589	Авторынок Барабашова К№7	in stock	387.00 UAH	7
SAK158	Авторынок Барабашова К№7	in stock	227.00 UAH	65
SA483/S	Авторынок Барабашова К№7	in stock	225.00 UAH	58
SAK483/S	Авторынок Барабашова К№7	in stock	451.00 UAH	18
SA1361	Авторынок Барабашова К№7	in stock	258.00 UAH	6
SA501/S	Авторынок Барабашова К№7	in stock	280.00 UAH	3
SA113/S	Авторынок Барабашова К№7	in stock	312.00 UAH	16
SAK235/S	Авторынок Барабашова К№7	in stock	432.00 UAH	22
SA1958	Авторынок Барабашова К№7	in stock	233.00 UAH	40
SAK1958	Авторынок Барабашова К№7	in stock	317.00 UAH	59
SA24487	Авторынок Барабашова К№7	in stock	324.00 UAH	42
SA877	Авторынок Барабашова К№7	in stock	200.00 UAH	60
SAK877	Авторынок Барабашова К№7	in stock	250.00 UAH	57
SA98	Авторынок Барабашова К№7	in stock	253.00 UAH	7
SA8107915	Авторынок Барабашова К№7	in stock	246.00 UAH	4
SA10031849	Авторынок Барабашова К№7	in stock	211.00 UAH	9
SAK105742FM	Авторынок Барабашова К№7	in stock	247.00 UAH	1
SA105742FM	Авторынок Барабашова К№7	in stock	232.00 UAH	3
SA171	Авторынок Барабашова К№7	in stock	346.00 UAH	4
SAK171	Авторынок Барабашова К№7	in stock	443.00 UAH	2
SA251	Авторынок Барабашова К№7	in stock	217.00 UAH	9
SAK251	Авторынок Барабашова К№7	in stock	267.00 UAH	38
SA636	Авторынок Барабашова К№7	in stock	197.00 UAH	4
SA10125	Авторынок Барабашова К№7	in stock	205.00 UAH	23
SAK436	Авторынок Барабашова К№7	in stock	237.00 UAH	6
SA10009	Авторынок Барабашова К№7	in stock	270.00 UAH	59
SAK10009	Авторынок Барабашова К№7	in stock	378.00 UAH	63
SA931	Авторынок Барабашова К№7	in stock	210.00 UAH	44
SA852	Авторынок Барабашова К№7	in stock	206.00 UAH	57
SA1205	Авторынок Барабашова К№7	in stock	182.00 UAH	37
SAK1205	Авторынок Барабашова К№7	in stock	217.00 UAH	42
SA290	Авторынок Барабашова К№7	in stock	227.00 UAH	24
SAK290	Авторынок Барабашова К№7	in stock	293.00 UAH	5
SA635	Авторынок Барабашова К№7	in stock	179.00 UAH	50
SAK635	Авторынок Барабашова К№7	in stock	265.00 UAH	59
SA480	Авторынок Барабашова К№7	in stock	221.00 UAH	14
SAK289	Авторынок Барабашова К№7	in stock	282.00 UAH	13
SAK586	Авторынок Барабашова К№7	in stock	220.00 UAH	1
SA130	Авторынок Барабашова К№7	in stock	214.00 UAH	43
SAK396	Авторынок Барабашова К№7	in stock	225.00 UAH	67
SA396	Авторынок Барабашова К№7	in stock	180.00 UAH	6
SA493	Авторынок Барабашова К№7	in stock	219.00 UAH	58
SAK493	Авторынок Барабашова К№7	in stock	274.00 UAH	63
SA143	Авторынок Барабашова К№7	in stock	180.00 UAH	54
SA449	Авторынок Барабашова К№7	in stock	215.00 UAH	56
SAK11	Авторынок Барабашова К№7	in stock	270.00 UAH	4
SA189	Авторынок Барабашова К№7	in stock	211.00 UAH	31
SAK189	Авторынок Барабашова К№7	in stock	284.00 UAH	61
SA49	Авторынок Барабашова К№7	in stock	204.00 UAH	57
SAK49	Авторынок Барабашова К№7	in stock	307.00 UAH	28
SA117	Авторынок Барабашова К№7	in stock	203.00 UAH	9
SAK117	Авторынок Барабашова К№7	in stock	269.00 UAH	6
ECO382	Авторынок Барабашова К№7	in stock	429.00 UAH	7
SAK26025-2	Авторынок Барабашова К№7	in stock	376.00 UAH	22
SA57	Авторынок Барабашова К№7	in stock	238.00 UAH	59
SA1157/S	Авторынок Барабашова К№7	in stock	231.00 UAH	59
SA38	Авторынок Барабашова К№7	in stock	264.00 UAH	18
SAK38	Авторынок Барабашова К№7	in stock	351.00 UAH	8
SA814	Авторынок Барабашова К№7	in stock	207.00 UAH	9
SAK814	Авторынок Барабашова К№7	in stock	272.00 UAH	59
SAK70	Авторынок Барабашова К№7	in stock	546.00 UAH	46
SA29010	Авторынок Барабашова К№7	in stock	217.00 UAH	56
SAK1121	Авторынок Барабашова К№7	in stock	394.00 UAH	54
SA32/2	Авторынок Барабашова К№7	in stock	208.00 UAH	24
SAK76/S	Авторынок Барабашова К№7	in stock	435.00 UAH	3
SA891	Авторынок Барабашова К№7	in stock	197.00 UAH	66
SAK891	Авторынок Барабашова К№7	in stock	246.00 UAH	9
SAK196	Авторынок Барабашова К№7	in stock	432.00 UAH	48
SA469	Авторынок Барабашова К№7	in stock	196.00 UAH	11
SAK469	Авторынок Барабашова К№7	in stock	267.00 UAH	23
SAK136	Авторынок Барабашова К№7	in stock	282.00 UAH	61
SA426/S	Авторынок Барабашова К№7	in stock	247.00 UAH	9
SAK426/S	Авторынок Барабашова К№7	in stock	373.00 UAH	63
SAK87	Авторынок Барабашова К№7	in stock	261.00 UAH	25
SA923	Авторынок Барабашова К№7	in stock	183.00 UAH	70
SA175	Авторынок Барабашова К№7	in stock	243.00 UAH	21
SA33	Авторынок Барабашова К№7	in stock	178.00 UAH	57
SA108	Авторынок Барабашова К№7	in stock	199.00 UAH	56
SAK108	Авторынок Барабашова К№7	in stock	215.00 UAH	60
SA684	Авторынок Барабашова К№7	in stock	210.00 UAH	16
SAK1176	Авторынок Барабашова К№7	in stock	268.00 UAH	71
SA134	Авторынок Барабашова К№7	in stock	217.00 UAH	42
SA60	Авторынок Барабашова К№7	in stock	211.00 UAH	42
SAK60	Авторынок Барабашова К№7	in stock	233.00 UAH	2
SA227	Авторынок Барабашова К№7	in stock	240.00 UAH	12
SA686	Авторынок Барабашова К№7	in stock	202.00 UAH	18
SA237	Авторынок Барабашова К№7	in stock	226.00 UAH	5
SAK237	Авторынок Барабашова К№7	in stock	328.00 UAH	8
SA430	Авторынок Барабашова К№7	in stock	300.00 UAH	3
SAK430	Авторынок Барабашова К№7	in stock	352.00 UAH	5
SA377/S	Авторынок Барабашова К№7	in stock	238.00 UAH	7
SA432	Авторынок Барабашова К№7	in stock	314.00 UAH	20
SA811	Авторынок Барабашова К№7	in stock	230.00 UAH	6
SAK811	Авторынок Барабашова К№7	in stock	313.00 UAH	6
SA888B	Авторынок Барабашова К№7	in stock	212.00 UAH	53
SA898	Авторынок Барабашова К№7	in stock	191.00 UAH	48
SAK898	Авторынок Барабашова К№7	in stock	297.00 UAH	18
SA392/S	Авторынок Барабашова К№7	in stock	274.00 UAH	40
SA391/S	Авторынок Барабашова К№7	in stock	234.00 UAH	64
SAK72880FL000	Авторынок Барабашова К№7	in stock	497.00 UAH	37
SA461	Авторынок Барабашова К№7	in stock	255.00 UAH	10
SAK461	Авторынок Барабашова К№7	in stock	341.00 UAH	13
SA452	Авторынок Барабашова К№7	in stock	287.00 UAH	8
SAK452	Авторынок Барабашова К№7	in stock	280.00 UAH	55
SAK371	Авторынок Барабашова К№7	in stock	263.00 UAH	63
SAK131	Авторынок Барабашова К№7	in stock	208.00 UAH	62
SA408	Авторынок Барабашова К№7	in stock	198.00 UAH	40
SAK408	Авторынок Барабашова К№7	in stock	246.00 UAH	63
SA657	Авторынок Барабашова К№7	in stock	243.00 UAH	4
SAK1566	Авторынок Барабашова К№7	in stock	347.00 UAH	45
SA95	Авторынок Барабашова К№7	in stock	243.00 UAH	56
SA682	Авторынок Барабашова К№7	in stock	240.00 UAH	55
SAK682	Авторынок Барабашова К№7	in stock	278.00 UAH	23
SA58010	Авторынок Барабашова К№7	in stock	181.00 UAH	47
SAK1072736	Авторынок Барабашова К№7	in stock	328.00 UAH	56
ECO168891000C	Авторынок Барабашова К№7	in stock	249.00 UAH	59
SAK1039042	Авторынок Барабашова К№7	in stock	437.00 UAH	23
SA395	Авторынок Барабашова К№7	in stock	185.00 UAH	64
SA490B	Авторынок Барабашова К№7	in stock	216.00 UAH	67
SA60030	Авторынок Барабашова К№7	in stock	254.00 UAH	13
SA181B	Авторынок Барабашова К№7	in stock	251.00 UAH	14
SAK44	Авторынок Барабашова К№7	in stock	277.00 UAH	26
SA18	Авторынок Барабашова К№7	in stock	251.00 UAH	61
SAK225/S	Авторынок Барабашова К№7	in stock	895.00 UAH	51
SAK816	Авторынок Барабашова К№7	in stock	281.00 UAH	15
SAK120	Авторынок Барабашова К№7	in stock	273.00 UAH	62
SAK809	Авторынок Барабашова К№7	in stock	277.00 UAH	59
SA816/3	Авторынок Барабашова К№7	in stock	220.00 UAH	53
SAK816/3	Авторынок Барабашова К№7	in stock	337.00 UAH	2
SA226	Авторынок Барабашова К№7	in stock	219.00 UAH	25
SAK226	Авторынок Барабашова К№7	in stock	277.00 UAH	12
SA65	Авторынок Барабашова К№7	in stock	263.00 UAH	6
SAK65	Авторынок Барабашова К№7	in stock	390.00 UAH	27
ECO182	Авторынок Барабашова К№7	in stock	350.00 UAH	64
SAK182	Авторынок Барабашова К№7	in stock	264.00 UAH	69
SA855	Авторынок Барабашова К№7	in stock	269.00 UAH	7
SA79	Авторынок Барабашова К№7	in stock	244.00 UAH	45
SA54	Авторынок Барабашова К№7	in stock	274.00 UAH	7
SA107	Авторынок Барабашова К№7	in stock	209.00 UAH	61
SAK29010	Авторынок Барабашова К№7	in stock	327.00 UAH	37
SA27024	Авторынок Барабашова К№7	in stock	222.00 UAH	60
SA8894900181	Авторынок Барабашова К№7	in stock	293.00 UAH	61
SAK8894900181	Авторынок Барабашова К№7	in stock	398.00 UAH	11
ADA102523	Авторынок Барабашова К№7	in stock	454.00 UAH	55
AF5289a-2	Авторынок Барабашова К№7	in stock	586.00 UAH	26
ADV182526	Авторынок Барабашова К№7	in stock	423.00 UAH	32
KF-6133	Авторынок Барабашова К№7	in stock	261.00 UAH	12
LPG3	Авторынок Барабашова К№7	in stock	159.00 UAH	9
FM659	Авторынок Барабашова К№7	in stock	1256.00 UAH	4
FM238D	Авторынок Барабашова К№7	in stock	255.00 UAH	54
FE652D	Авторынок Барабашова К№7	in stock	339.00 UAH	37
SX1827NB	Авторынок Барабашова К№7	in stock	202.00 UAH	5
SX4758	Авторынок Барабашова К№7	in stock	310.00 UAH	53
SAK32008	Авторынок Барабашова К№7	in stock	422.00 UAH	1
SAK19014	Авторынок Барабашова К№7	in stock	509.00 UAH	4
SA36006	Авторынок Барабашова К№7	in stock	209.00 UAH	36
VSB-015	Авторынок Барабашова К№7	in stock	190.00 UAH	1
SD103	Авторынок Барабашова К№7	in stock	172.00 UAH	28
A 008 997 17 90	Авторынок Барабашова К№7	in stock	147.00 UAH	1
25-40	Авторынок Барабашова К№7	in stock	17.00 UAH	2
40-60	Авторынок Барабашова К№7	in stock	16.00 UAH	2
60-80	Авторынок Барабашова К№7	in stock	122.00 UAH	5
70-90	Авторынок Барабашова К№7	in stock	126.00 UAH	9
80-100	Авторынок Барабашова К№7	in stock	126.00 UAH	15
951-964	Авторынок Барабашова К№7	in stock	184.00 UAH	42
114-966	Авторынок Барабашова К№7	in stock	391.00 UAH	51
934-973	Авторынок Барабашова К№7	in stock	216.00 UAH	33
CAD_D48	Авторынок Барабашова К№7	in stock	239.00 UAH	14
CAD_D45	Авторынок Барабашова К№7	in stock	240.00 UAH	4
CAD_D51	Авторынок Барабашова К№7	in stock	242.00 UAH	2
12-22	Авторынок Барабашова К№7	in stock	14.00 UAH	2
20-32	Авторынок Барабашова К№7	in stock	116.00 UAH	1
29822	Авторынок Барабашова К№7	in stock	69.00 UAH	109
29823	Авторынок Барабашова К№7	in stock	93.00 UAH	121
30245012	Авторынок Барабашова К№7	in stock	5.00 UAH	5
CAP_D45	Авторынок Барабашова К№7	in stock	123.00 UAH	6
ST-1540	Авторынок Барабашова К№7	in stock	282.00 UAH	27
50026986 52 VG	Авторынок Барабашова К№7	in stock	472.00 UAH	1
99110199	Авторынок Барабашова К№7	in stock	556.00 UAH	1
04-0420	Авторынок Барабашова К№7	in stock	732.00 UAH	37
66111596401	Авторынок Барабашова К№7	in stock	1419.00 UAH	12
52951	Авторынок Барабашова К№7	in stock	699.00 UAH	27
16-1031	Авторынок Барабашова К№7	in stock	2885.00 UAH	12
100 498 0225	Авторынок Барабашова К№7	in stock	4159.00 UAH	19
841030	Авторынок Барабашова К№7	in stock	1668.00 UAH	11
302297	Авторынок Барабашова К№7	in stock	2425.00 UAH	1
7P0 598 099 X	Авторынок Барабашова К№7	in stock	16825.00 UAH	1
835002	Авторынок Барабашова К№7	in stock	1742.00 UAH	42
A 005 990 75 40	Авторынок Барабашова К№7	in stock	124.00 UAH	1
A 003 990 53 82	Авторынок Барабашова К№7	in stock	134.00 UAH	4
N 007603 012110	Авторынок Барабашова К№7	in stock	170.00 UAH	23
763.620.100	Авторынок Барабашова К№7	in stock	36.00 UAH	57
693.758	Авторынок Барабашова К№7	in stock	141.00 UAH	145
01241	Авторынок Барабашова К№7	in stock	117.00 UAH	80
199.340	Авторынок Барабашова К№7	in stock	91.00 UAH	110
FT47801	Авторынок Барабашова К№7	in stock	41.00 UAH	78
50267069	Авторынок Барабашова К№7	in stock	20.00 UAH	17
01472	Авторынок Барабашова К№7	in stock	118.00 UAH	128
A 000 990 85 40	Авторынок Барабашова К№7	in stock	225.00 UAH	3
0116AGV10	Авторынок Барабашова К№7	in stock	2871.00 UAH	1
27719	Авторынок Барабашова К№7	in stock	1239.00 UAH	1
30773 01	Авторынок Барабашова К№7	in stock	1638.00 UAH	57
23-PW-02	Авторынок Барабашова К№7	in stock	402.00 UAH	2
RL-634540M	Авторынок Барабашова К№7	in stock	373.00 UAH	180
RL-770883R	Авторынок Барабашова К№7	in stock	324.00 UAH	3
22265	Авторынок Барабашова К№7	in stock	703.00 UAH	57
RE-BJ-1040	Авторынок Барабашова К№7	in stock	597.00 UAH	7
SD16	Авторынок Барабашова К№7	in stock	380.00 UAH	1
A6110702032FPC	Авторынок Барабашова К№7	in stock	200.00 UAH	20
ENT120028	Авторынок Барабашова К№7	in stock	240.00 UAH	39
ENT120027	Авторынок Барабашова К№7	in stock	249.00 UAH	9
A 631 260 08 19	Авторынок Барабашова К№7	in stock	5016.00 UAH	1
A 631 260 04 45	Авторынок Барабашова К№7	in stock	10032.00 UAH	1
ZN5377	Авторынок Барабашова К№7	in stock	872.00 UAH	1
100 1502	Авторынок Барабашова К№7	in stock	1004.00 UAH	5
A 611 230 01 15	Авторынок Барабашова К№7	in stock	1426.00 UAH	17
VKM 93104	Авторынок Барабашова К№7	in stock	2308.00 UAH	2
TVD1128	Авторынок Барабашова К№7	in stock	1950.00 UAH	1
535 0013 10	Авторынок Барабашова К№7	in stock	1454.00 UAH	41
AP0043	Авторынок Барабашова К№7	in stock	278.00 UAH	7
1986AE0415	Авторынок Барабашова К№7	in stock	503.00 UAH	1
1054	Авторынок Барабашова К№7	in stock	2633.00 UAH	25
500346	Авторынок Барабашова К№7	in stock	316.00 UAH	16
55569028	Авторынок Барабашова К№7	in stock	700.00 UAH	1
RD 10.10.384	Авторынок Барабашова К№7	in stock	527.00 UAH	1
054122	Авторынок Барабашова К№7	in stock	741.00 UAH	3
110 0704	Авторынок Барабашова К№7	in stock	2648.00 UAH	7
1J0955751C	Авторынок Барабашова К№7	in stock	600.00 UAH	8
3225-00050	Авторынок Барабашова К№7	in stock	287.00 UAH	65
1323.Y4	Авторынок Барабашова К№7	in stock	600.00 UAH	14
CV6Z8K012K	Авторынок Барабашова К№7	in stock	1400.00 UAH	3
1323 12	Авторынок Барабашова К№7	in stock	370.00 UAH	14
RWS1899	Авторынок Барабашова К№7	in stock	581.00 UAH	1
RWS1296	Авторынок Барабашова К№7	in stock	2308.00 UAH	10
6T47373	Авторынок Барабашова К№7	in stock	397.00 UAH	26
A 000 998 07 95 64	Авторынок Барабашова К№7	in stock	167.00 UAH	6
A 001 997 47 86	Авторынок Барабашова К№7	in stock	128.00 UAH	2
A 000 990 56 05	Авторынок Барабашова К№7	in stock	286.00 UAH	1
985-939-81025.10	Авторынок Барабашова К№7	in stock	359.00 UAH	9
452.830	Авторынок Барабашова К№7	in stock	170.00 UAH	95
03176	Авторынок Барабашова К№7	in stock	162.00 UAH	104
01647	Авторынок Барабашова К№7	in stock	178.00 UAH	12
MB584750	Авторынок Барабашова К№7	in stock	173.00 UAH	27
06271	Авторынок Барабашова К№7	in stock	197.00 UAH	21
06280	Авторынок Барабашова К№7	in stock	275.00 UAH	21
06270	Авторынок Барабашова К№7	in stock	182.00 UAH	164
06272	Авторынок Барабашова К№7	in stock	267.00 UAH	27
90942-02082	Авторынок Барабашова К№7	in stock	187.00 UAH	81
A 668 401 00 71	Авторынок Барабашова К№7	in stock	445.00 UAH	1
90942-02081	Авторынок Барабашова К№7	in stock	188.00 UAH	42
N  104 234 01	Авторынок Барабашова К№7	in stock	173.00 UAH	1
A 000 991 36 68	Авторынок Барабашова К№7	in stock	123.00 UAH	1
100 0734	Авторынок Барабашова К№7	in stock	173.00 UAH	6
0085	Авторынок Барабашова К№7	in stock	135.00 UAH	1
100 0766	Авторынок Барабашова К№7	in stock	184.00 UAH	26
100 0734 CH	Авторынок Барабашова К№7	in stock	93.00 UAH	3
100 0735 CH	Авторынок Барабашова К№7	in stock	92.00 UAH	1
03L130235N T	Авторынок Барабашова К№7	in stock	200.00 UAH	4
V575003	Авторынок Барабашова К№7	in stock	371.00 UAH	1
V575008	Авторынок Барабашова К№7	in stock	411.00 UAH	1
3 397 008 576	Авторынок Барабашова К№7	in stock	476.00 UAH	3
3 397 008 579	Авторынок Барабашова К№7	in stock	352.00 UAH	2
3 397 008 583	Авторынок Барабашова К№7	in stock	375.00 UAH	2
3 397 008 584	Авторынок Барабашова К№7	in stock	405.00 UAH	2
3 397 008 531	Авторынок Барабашова К№7	in stock	494.00 UAH	42
7206	Авторынок Барабашова К№7	in stock	204.00 UAH	3
7210	Авторынок Барабашова К№7	in stock	204.00 UAH	2
7211	Авторынок Барабашова К№7	in stock	204.00 UAH	2
7212	Авторынок Барабашова К№7	in stock	204.00 UAH	1
7213	Авторынок Барабашова К№7	in stock	204.00 UAH	3
7216	Авторынок Барабашова К№7	in stock	204.00 UAH	2
7218	Авторынок Барабашова К№7	in stock	204.00 UAH	3
7005	Авторынок Барабашова К№7	in stock	72.00 UAH	1
7006	Авторынок Барабашова К№7	in stock	97.00 UAH	2
7007	Авторынок Барабашова К№7	in stock	97.00 UAH	2
7010	Авторынок Барабашова К№7	in stock	104.00 UAH	1
7110	Авторынок Барабашова К№7	in stock	118.00 UAH	1
7012	Авторынок Барабашова К№7	in stock	121.00 UAH	2
7013	Авторынок Барабашова К№7	in stock	121.00 UAH	2
7014	Авторынок Барабашова К№7	in stock	131.00 UAH	2
1 850 122	Авторынок Барабашова К№7	in stock	439.00 UAH	1
HW530FL	Авторынок Барабашова К№7	in stock	136.00 UAH	1
HW550FL	Авторынок Барабашова К№7	in stock	134.00 UAH	1
7306	Авторынок Барабашова К№7	in stock	192.00 UAH	3
7308	Авторынок Барабашова К№7	in stock	192.00 UAH	1
7706	Авторынок Барабашова К№7	in stock	220.00 UAH	2
7707	Авторынок Барабашова К№7	in stock	212.00 UAH	2
7710	Авторынок Барабашова К№7	in stock	220.00 UAH	1
7711	Авторынок Барабашова К№7	in stock	217.00 UAH	2
7712	Авторынок Барабашова К№7	in stock	220.00 UAH	1
7713	Авторынок Барабашова К№7	in stock	217.00 UAH	2
7715	Авторынок Барабашова К№7	in stock	212.00 UAH	2
3 397 118 202	Авторынок Барабашова К№7	in stock	996.00 UAH	7
1 004 336 619	Авторынок Барабашова К№7	in stock	744.00 UAH	16
700 1183	Авторынок Барабашова К№7	in stock	760.00 UAH	7
1174.G2	Авторынок Барабашова К№7	in stock	190.00 UAH	1
122006	Авторынок Барабашова К№7	in stock	247.00 UAH	5
RWS3768	Авторынок Барабашова К№7	in stock	155.00 UAH	21
32657	Авторынок Барабашова К№7	in stock	259.00 UAH	14
122004	Авторынок Барабашова К№7	in stock	356.00 UAH	1
A 638 820 11 45	Авторынок Барабашова К№7	in stock	450.00 UAH	7
610-24 TRUCK	Авторынок Барабашова К№7	in stock	512.00 UAH	1
940113190058	Авторынок Барабашова К№7	in stock	66.00 UAH	10
940113190035	Авторынок Барабашова К№7	in stock	93.00 UAH	13
307008	Авторынок Барабашова К№7	in stock	729.00 UAH	28
3 397 007 568	Авторынок Барабашова К№7	in stock	1409.00 UAH	9
136763	Авторынок Барабашова К№7	in stock	211.00 UAH	1
231648	Авторынок Барабашова К№7	in stock	980.00 UAH	1
SBH0012	Авторынок Барабашова К№7	in stock	350.00 UAH	6
SBH0012	Авторынок Барабашова К№7	in stock	295.00 UAH	1
F 032 135 015	Авторынок Барабашова К№7	in stock	335.00 UAH	14
20200	Авторынок Барабашова К№7	in stock	510.00 UAH	11
500067	Авторынок Барабашова К№7	in stock	621.00 UAH	13
NA5124	Авторынок Барабашова К№7	in stock	294.00 UAH	15
